/home/jianing/pyenv/lib/python3.10/site-packages/torch/functional.py:504: UserWarning: torch.meshgrid: in an upcoming release, it will be required to pass the indexing argument. (Triggered internally at ../aten/src/ATen/native/TensorShape.cpp:3526.)
  return _VF.meshgrid(tensors, **kwargs)  # type: ignore[attr-defined]
Namespace(cfg='cfg/prune_0.5_yolov3.cfg', data='data/coco.data', weights='weights/prune_0.5_sparse-yolov3-full-mAP48.1.weights', source='data/samples/c_test.mp4', output='results_analysis/output_pruned50', img_size=416, conf_thres=0.3, nms_thres=0.5, fourcc='mp4v', half=False, device='0', view_img=False, model_label='Pruned 50% YOLOv3')
Using CUDA device0 _CudaDeviceProperties(name='NVIDIA GeForce RTX 3060 Laptop GPU', total_memory=5906MB)

video 1/1 (1/1303) data/samples/c_test.mp4: Pruned 50% YOLOv3 | FPS ==> (1.813)
video 1/1 (2/1303) data/samples/c_test.mp4: Pruned 50% YOLOv3 | FPS ==> (55.420)
video 1/1 (3/1303) data/samples/c_test.mp4: Pruned 50% YOLOv3 | FPS ==> (57.932)
video 1/1 (4/1303) data/samples/c_test.mp4: Pruned 50% YOLOv3 | FPS ==> (60.013)
video 1/1 (5/1303) data/samples/c_test.mp4: Pruned 50% YOLOv3 | FPS ==> (65.301)
video 1/1 (6/1303) data/samples/c_test.mp4: Pruned 50% YOLOv3 | FPS ==> (60.575)
video 1/1 (7/1303) data/samples/c_test.mp4: Pruned 50% YOLOv3 | FPS ==> (59.829)
video 1/1 (8/1303) data/samples/c_test.mp4: Pruned 50% YOLOv3 | FPS ==> (57.907)
video 1/1 (9/1303) data/samples/c_test.mp4: Pruned 50% YOLOv3 | FPS ==> (60.376)
video 1/1 (10/1303) data/samples/c_test.mp4: Pruned 50% YOLOv3 | FPS ==> (58.726)
video 1/1 (11/1303) data/samples/c_test.mp4: Pruned 50% YOLOv3 | FPS ==> (60.934)
video 1/1 (12/1303) data/samples/c_test.mp4: Pruned 50% YOLOv3 | FPS ==> (57.566)
video 1/1 (13/1303) data/samples/c_test.mp4: Pruned 50% YOLOv3 | FPS ==> (57.698)
video 1/1 (14/1303) data/samples/c_test.mp4: Pruned 50% YOLOv3 | FPS ==> (60.054)
video 1/1 (15/1303) data/samples/c_test.mp4: Pruned 50% YOLOv3 | FPS ==> (62.268)
video 1/1 (16/1303) data/samples/c_test.mp4: Pruned 50% YOLOv3 | FPS ==> (61.183)
video 1/1 (17/1303) data/samples/c_test.mp4: Pruned 50% YOLOv3 | FPS ==> (62.051)
video 1/1 (18/1303) data/samples/c_test.mp4: Pruned 50% YOLOv3 | FPS ==> (62.735)
video 1/1 (19/1303) data/samples/c_test.mp4: Pruned 50% YOLOv3 | FPS ==> (67.415)
video 1/1 (20/1303) data/samples/c_test.mp4: Pruned 50% YOLOv3 | FPS ==> (66.697)
video 1/1 (21/1303) data/samples/c_test.mp4: Pruned 50% YOLOv3 | FPS ==> (64.984)
video 1/1 (22/1303) data/samples/c_test.mp4: Pruned 50% YOLOv3 | FPS ==> (65.949)
video 1/1 (23/1303) data/samples/c_test.mp4: Pruned 50% YOLOv3 | FPS ==> (65.894)
video 1/1 (24/1303) data/samples/c_test.mp4: Pruned 50% YOLOv3 | FPS ==> (63.653)
video 1/1 (25/1303) data/samples/c_test.mp4: Pruned 50% YOLOv3 | FPS ==> (65.071)
video 1/1 (26/1303) data/samples/c_test.mp4: Pruned 50% YOLOv3 | FPS ==> (64.124)
video 1/1 (27/1303) data/samples/c_test.mp4: Pruned 50% YOLOv3 | FPS ==> (71.748)
video 1/1 (28/1303) data/samples/c_test.mp4: Pruned 50% YOLOv3 | FPS ==> (73.661)
video 1/1 (29/1303) data/samples/c_test.mp4: Pruned 50% YOLOv3 | FPS ==> (70.017)
video 1/1 (30/1303) data/samples/c_test.mp4: Pruned 50% YOLOv3 | FPS ==> (73.544)
video 1/1 (31/1303) data/samples/c_test.mp4: Pruned 50% YOLOv3 | FPS ==> (71.563)
video 1/1 (32/1303) data/samples/c_test.mp4: Pruned 50% YOLOv3 | FPS ==> (70.864)
video 1/1 (33/1303) data/samples/c_test.mp4: Pruned 50% YOLOv3 | FPS ==> (71.316)
video 1/1 (34/1303) data/samples/c_test.mp4: Pruned 50% YOLOv3 | FPS ==> (76.061)
video 1/1 (35/1303) data/samples/c_test.mp4: Pruned 50% YOLOv3 | FPS ==> (78.551)
video 1/1 (36/1303) data/samples/c_test.mp4: Pruned 50% YOLOv3 | FPS ==> (83.054)
video 1/1 (37/1303) data/samples/c_test.mp4: Pruned 50% YOLOv3 | FPS ==> (78.814)
video 1/1 (38/1303) data/samples/c_test.mp4: Pruned 50% YOLOv3 | FPS ==> (71.969)
video 1/1 (39/1303) data/samples/c_test.mp4: Pruned 50% YOLOv3 | FPS ==> (74.969)
video 1/1 (40/1303) data/samples/c_test.mp4: Pruned 50% YOLOv3 | FPS ==> (73.985)
video 1/1 (41/1303) data/samples/c_test.mp4: Pruned 50% YOLOv3 | FPS ==> (68.858)
video 1/1 (42/1303) data/samples/c_test.mp4: Pruned 50% YOLOv3 | FPS ==> (74.831)
video 1/1 (43/1303) data/samples/c_test.mp4: Pruned 50% YOLOv3 | FPS ==> (71.475)
video 1/1 (44/1303) data/samples/c_test.mp4: Pruned 50% YOLOv3 | FPS ==> (76.108)
video 1/1 (45/1303) data/samples/c_test.mp4: Pruned 50% YOLOv3 | FPS ==> (72.634)
video 1/1 (46/1303) data/samples/c_test.mp4: Pruned 50% YOLOv3 | FPS ==> (88.706)
video 1/1 (47/1303) data/samples/c_test.mp4: Pruned 50% YOLOv3 | FPS ==> (82.641)
video 1/1 (48/1303) data/samples/c_test.mp4: Pruned 50% YOLOv3 | FPS ==> (83.908)
video 1/1 (49/1303) data/samples/c_test.mp4: Pruned 50% YOLOv3 | FPS ==> (88.985)
video 1/1 (50/1303) data/samples/c_test.mp4: Pruned 50% YOLOv3 | FPS ==> (87.584)
video 1/1 (51/1303) data/samples/c_test.mp4: Pruned 50% YOLOv3 | FPS ==> (95.516)
video 1/1 (52/1303) data/samples/c_test.mp4: Pruned 50% YOLOv3 | FPS ==> (95.686)
video 1/1 (53/1303) data/samples/c_test.mp4: Pruned 50% YOLOv3 | FPS ==> (84.449)
video 1/1 (54/1303) data/samples/c_test.mp4: Pruned 50% YOLOv3 | FPS ==> (84.569)
video 1/1 (55/1303) data/samples/c_test.mp4: Pruned 50% YOLOv3 | FPS ==> (84.881)
video 1/1 (56/1303) data/samples/c_test.mp4: Pruned 50% YOLOv3 | FPS ==> (95.951)
video 1/1 (57/1303) data/samples/c_test.mp4: Pruned 50% YOLOv3 | FPS ==> (95.549)
video 1/1 (58/1303) data/samples/c_test.mp4: Pruned 50% YOLOv3 | FPS ==> (96.200)
video 1/1 (59/1303) data/samples/c_test.mp4: Pruned 50% YOLOv3 | FPS ==> (95.736)
video 1/1 (60/1303) data/samples/c_test.mp4: Pruned 50% YOLOv3 | FPS ==> (82.756)
video 1/1 (61/1303) data/samples/c_test.mp4: Pruned 50% YOLOv3 | FPS ==> (80.326)
video 1/1 (62/1303) data/samples/c_test.mp4: Pruned 50% YOLOv3 | FPS ==> (88.307)
video 1/1 (63/1303) data/samples/c_test.mp4: Pruned 50% YOLOv3 | FPS ==> (74.478)
video 1/1 (64/1303) data/samples/c_test.mp4: Pruned 50% YOLOv3 | FPS ==> (86.002)
video 1/1 (65/1303) data/samples/c_test.mp4: Pruned 50% YOLOv3 | FPS ==> (85.015)
video 1/1 (66/1303) data/samples/c_test.mp4: Pruned 50% YOLOv3 | FPS ==> (84.484)
video 1/1 (67/1303) data/samples/c_test.mp4: Pruned 50% YOLOv3 | FPS ==> (86.415)
video 1/1 (68/1303) data/samples/c_test.mp4: Pruned 50% YOLOv3 | FPS ==> (84.058)
video 1/1 (69/1303) data/samples/c_test.mp4: Pruned 50% YOLOv3 | FPS ==> (78.058)
video 1/1 (70/1303) data/samples/c_test.mp4: Pruned 50% YOLOv3 | FPS ==> (90.786)
video 1/1 (71/1303) data/samples/c_test.mp4: Pruned 50% YOLOv3 | FPS ==> (89.078)
video 1/1 (72/1303) data/samples/c_test.mp4: Pruned 50% YOLOv3 | FPS ==> (87.494)
video 1/1 (73/1303) data/samples/c_test.mp4: Pruned 50% YOLOv3 | FPS ==> (92.581)
video 1/1 (74/1303) data/samples/c_test.mp4: Pruned 50% YOLOv3 | FPS ==> (85.306)
video 1/1 (75/1303) data/samples/c_test.mp4: Pruned 50% YOLOv3 | FPS ==> (87.398)
video 1/1 (76/1303) data/samples/c_test.mp4: Pruned 50% YOLOv3 | FPS ==> (92.292)
video 1/1 (77/1303) data/samples/c_test.mp4: Pruned 50% YOLOv3 | FPS ==> (86.974)
video 1/1 (78/1303) data/samples/c_test.mp4: Pruned 50% YOLOv3 | FPS ==> (88.637)
video 1/1 (79/1303) data/samples/c_test.mp4: Pruned 50% YOLOv3 | FPS ==> (85.254)
video 1/1 (80/1303) data/samples/c_test.mp4: Pruned 50% YOLOv3 | FPS ==> (85.954)
video 1/1 (81/1303) data/samples/c_test.mp4: Pruned 50% YOLOv3 | FPS ==> (84.313)
video 1/1 (82/1303) data/samples/c_test.mp4: Pruned 50% YOLOv3 | FPS ==> (86.645)
video 1/1 (83/1303) data/samples/c_test.mp4: Pruned 50% YOLOv3 | FPS ==> (85.413)
video 1/1 (84/1303) data/samples/c_test.mp4: Pruned 50% YOLOv3 | FPS ==> (88.684)
video 1/1 (85/1303) data/samples/c_test.mp4: Pruned 50% YOLOv3 | FPS ==> (68.171)
video 1/1 (86/1303) data/samples/c_test.mp4: Pruned 50% YOLOv3 | FPS ==> (82.682)
video 1/1 (87/1303) data/samples/c_test.mp4: Pruned 50% YOLOv3 | FPS ==> (83.108)
video 1/1 (88/1303) data/samples/c_test.mp4: Pruned 50% YOLOv3 | FPS ==> (89.662)
video 1/1 (89/1303) data/samples/c_test.mp4: Pruned 50% YOLOv3 | FPS ==> (88.928)
video 1/1 (90/1303) data/samples/c_test.mp4: Pruned 50% YOLOv3 | FPS ==> (76.170)
video 1/1 (91/1303) data/samples/c_test.mp4: Pruned 50% YOLOv3 | FPS ==> (68.524)
video 1/1 (92/1303) data/samples/c_test.mp4: Pruned 50% YOLOv3 | FPS ==> (81.282)
video 1/1 (93/1303) data/samples/c_test.mp4: Pruned 50% YOLOv3 | FPS ==> (73.012)
video 1/1 (94/1303) data/samples/c_test.mp4: Pruned 50% YOLOv3 | FPS ==> (77.770)
video 1/1 (95/1303) data/samples/c_test.mp4: Pruned 50% YOLOv3 | FPS ==> (79.755)
video 1/1 (96/1303) data/samples/c_test.mp4: Pruned 50% YOLOv3 | FPS ==> (76.004)
video 1/1 (97/1303) data/samples/c_test.mp4: Pruned 50% YOLOv3 | FPS ==> (80.076)
video 1/1 (98/1303) data/samples/c_test.mp4: Pruned 50% YOLOv3 | FPS ==> (88.257)
video 1/1 (99/1303) data/samples/c_test.mp4: Pruned 50% YOLOv3 | FPS ==> (88.105)
video 1/1 (100/1303) data/samples/c_test.mp4: Pruned 50% YOLOv3 | FPS ==> (88.138)
video 1/1 (101/1303) data/samples/c_test.mp4: Pruned 50% YOLOv3 | FPS ==> (94.197)
video 1/1 (102/1303) data/samples/c_test.mp4: Pruned 50% YOLOv3 | FPS ==> (86.733)
video 1/1 (103/1303) data/samples/c_test.mp4: Pruned 50% YOLOv3 | FPS ==> (62.256)
video 1/1 (104/1303) data/samples/c_test.mp4: Pruned 50% YOLOv3 | FPS ==> (62.001)
video 1/1 (105/1303) data/samples/c_test.mp4: Pruned 50% YOLOv3 | FPS ==> (61.837)
video 1/1 (106/1303) data/samples/c_test.mp4: Pruned 50% YOLOv3 | FPS ==> (60.232)
video 1/1 (107/1303) data/samples/c_test.mp4: Pruned 50% YOLOv3 | FPS ==> (62.189)
video 1/1 (108/1303) data/samples/c_test.mp4: Pruned 50% YOLOv3 | FPS ==> (59.116)
video 1/1 (109/1303) data/samples/c_test.mp4: Pruned 50% YOLOv3 | FPS ==> (59.320)
video 1/1 (110/1303) data/samples/c_test.mp4: Pruned 50% YOLOv3 | FPS ==> (59.660)
video 1/1 (111/1303) data/samples/c_test.mp4: Pruned 50% YOLOv3 | FPS ==> (59.692)
video 1/1 (112/1303) data/samples/c_test.mp4: Pruned 50% YOLOv3 | FPS ==> (62.108)
video 1/1 (113/1303) data/samples/c_test.mp4: Pruned 50% YOLOv3 | FPS ==> (59.764)
video 1/1 (114/1303) data/samples/c_test.mp4: Pruned 50% YOLOv3 | FPS ==> (58.657)
video 1/1 (115/1303) data/samples/c_test.mp4: Pruned 50% YOLOv3 | FPS ==> (60.900)
video 1/1 (116/1303) data/samples/c_test.mp4: Pruned 50% YOLOv3 | FPS ==> (59.964)
video 1/1 (117/1303) data/samples/c_test.mp4: Pruned 50% YOLOv3 | FPS ==> (61.194)
video 1/1 (118/1303) data/samples/c_test.mp4: Pruned 50% YOLOv3 | FPS ==> (60.934)
video 1/1 (119/1303) data/samples/c_test.mp4: Pruned 50% YOLOv3 | FPS ==> (60.420)
video 1/1 (120/1303) data/samples/c_test.mp4: Pruned 50% YOLOv3 | FPS ==> (57.418)
video 1/1 (121/1303) data/samples/c_test.mp4: Pruned 50% YOLOv3 | FPS ==> (58.139)
video 1/1 (122/1303) data/samples/c_test.mp4: Pruned 50% YOLOv3 | FPS ==> (56.440)
video 1/1 (123/1303) data/samples/c_test.mp4: Pruned 50% YOLOv3 | FPS ==> (55.457)
video 1/1 (124/1303) data/samples/c_test.mp4: Pruned 50% YOLOv3 | FPS ==> (57.903)
video 1/1 (125/1303) data/samples/c_test.mp4: Pruned 50% YOLOv3 | FPS ==> (57.401)
video 1/1 (126/1303) data/samples/c_test.mp4: Pruned 50% YOLOv3 | FPS ==> (60.787)
video 1/1 (127/1303) data/samples/c_test.mp4: Pruned 50% YOLOv3 | FPS ==> (57.770)
video 1/1 (128/1303) data/samples/c_test.mp4: Pruned 50% YOLOv3 | FPS ==> (65.305)
video 1/1 (129/1303) data/samples/c_test.mp4: Pruned 50% YOLOv3 | FPS ==> (60.096)
video 1/1 (130/1303) data/samples/c_test.mp4: Pruned 50% YOLOv3 | FPS ==> (58.898)
video 1/1 (131/1303) data/samples/c_test.mp4: Pruned 50% YOLOv3 | FPS ==> (60.647)
video 1/1 (132/1303) data/samples/c_test.mp4: Pruned 50% YOLOv3 | FPS ==> (62.224)
video 1/1 (133/1303) data/samples/c_test.mp4: Pruned 50% YOLOv3 | FPS ==> (55.185)
video 1/1 (134/1303) data/samples/c_test.mp4: Pruned 50% YOLOv3 | FPS ==> (59.086)
video 1/1 (135/1303) data/samples/c_test.mp4: Pruned 50% YOLOv3 | FPS ==> (57.697)
video 1/1 (136/1303) data/samples/c_test.mp4: Pruned 50% YOLOv3 | FPS ==> (57.649)
video 1/1 (137/1303) data/samples/c_test.mp4: Pruned 50% YOLOv3 | FPS ==> (63.134)
video 1/1 (138/1303) data/samples/c_test.mp4: Pruned 50% YOLOv3 | FPS ==> (58.736)
video 1/1 (139/1303) data/samples/c_test.mp4: Pruned 50% YOLOv3 | FPS ==> (58.933)
video 1/1 (140/1303) data/samples/c_test.mp4: Pruned 50% YOLOv3 | FPS ==> (58.982)
video 1/1 (141/1303) data/samples/c_test.mp4: Pruned 50% YOLOv3 | FPS ==> (60.182)
video 1/1 (142/1303) data/samples/c_test.mp4: Pruned 50% YOLOv3 | FPS ==> (63.367)
video 1/1 (143/1303) data/samples/c_test.mp4: Pruned 50% YOLOv3 | FPS ==> (60.895)
video 1/1 (144/1303) data/samples/c_test.mp4: Pruned 50% YOLOv3 | FPS ==> (63.475)
video 1/1 (145/1303) data/samples/c_test.mp4: Pruned 50% YOLOv3 | FPS ==> (63.319)
video 1/1 (146/1303) data/samples/c_test.mp4: Pruned 50% YOLOv3 | FPS ==> (59.932)
video 1/1 (147/1303) data/samples/c_test.mp4: Pruned 50% YOLOv3 | FPS ==> (66.764)
video 1/1 (148/1303) data/samples/c_test.mp4: Pruned 50% YOLOv3 | FPS ==> (64.026)
video 1/1 (149/1303) data/samples/c_test.mp4: Pruned 50% YOLOv3 | FPS ==> (68.021)
video 1/1 (150/1303) data/samples/c_test.mp4: Pruned 50% YOLOv3 | FPS ==> (67.211)
video 1/1 (151/1303) data/samples/c_test.mp4: Pruned 50% YOLOv3 | FPS ==> (74.411)
video 1/1 (152/1303) data/samples/c_test.mp4: Pruned 50% YOLOv3 | FPS ==> (75.322)
video 1/1 (153/1303) data/samples/c_test.mp4: Pruned 50% YOLOv3 | FPS ==> (82.372)
video 1/1 (154/1303) data/samples/c_test.mp4: Pruned 50% YOLOv3 | FPS ==> (85.075)
video 1/1 (155/1303) data/samples/c_test.mp4: Pruned 50% YOLOv3 | FPS ==> (84.525)
video 1/1 (156/1303) data/samples/c_test.mp4: Pruned 50% YOLOv3 | FPS ==> (85.112)
video 1/1 (157/1303) data/samples/c_test.mp4: Pruned 50% YOLOv3 | FPS ==> (85.081)
video 1/1 (158/1303) data/samples/c_test.mp4: Pruned 50% YOLOv3 | FPS ==> (98.880)
video 1/1 (159/1303) data/samples/c_test.mp4: Pruned 50% YOLOv3 | FPS ==> (98.458)
video 1/1 (160/1303) data/samples/c_test.mp4: Pruned 50% YOLOv3 | FPS ==> (89.435)
video 1/1 (161/1303) data/samples/c_test.mp4: Pruned 50% YOLOv3 | FPS ==> (98.789)
video 1/1 (162/1303) data/samples/c_test.mp4: Pruned 50% YOLOv3 | FPS ==> (101.932)
video 1/1 (163/1303) data/samples/c_test.mp4: Pruned 50% YOLOv3 | FPS ==> (91.028)
video 1/1 (164/1303) data/samples/c_test.mp4: Pruned 50% YOLOv3 | FPS ==> (90.985)
video 1/1 (165/1303) data/samples/c_test.mp4: Pruned 50% YOLOv3 | FPS ==> (91.797)
video 1/1 (166/1303) data/samples/c_test.mp4: Pruned 50% YOLOv3 | FPS ==> (92.844)
video 1/1 (167/1303) data/samples/c_test.mp4: Pruned 50% YOLOv3 | FPS ==> (88.297)
video 1/1 (168/1303) data/samples/c_test.mp4: Pruned 50% YOLOv3 | FPS ==> (100.968)
video 1/1 (169/1303) data/samples/c_test.mp4: Pruned 50% YOLOv3 | FPS ==> (77.889)
video 1/1 (170/1303) data/samples/c_test.mp4: Pruned 50% YOLOv3 | FPS ==> (94.808)
video 1/1 (171/1303) data/samples/c_test.mp4: Pruned 50% YOLOv3 | FPS ==> (93.155)
video 1/1 (172/1303) data/samples/c_test.mp4: Pruned 50% YOLOv3 | FPS ==> (91.547)
video 1/1 (173/1303) data/samples/c_test.mp4: Pruned 50% YOLOv3 | FPS ==> (90.103)
video 1/1 (174/1303) data/samples/c_test.mp4: Pruned 50% YOLOv3 | FPS ==> (84.369)
video 1/1 (175/1303) data/samples/c_test.mp4: Pruned 50% YOLOv3 | FPS ==> (93.496)
video 1/1 (176/1303) data/samples/c_test.mp4: Pruned 50% YOLOv3 | FPS ==> (96.026)
video 1/1 (177/1303) data/samples/c_test.mp4: Pruned 50% YOLOv3 | FPS ==> (94.269)
video 1/1 (178/1303) data/samples/c_test.mp4: Pruned 50% YOLOv3 | FPS ==> (95.900)
video 1/1 (179/1303) data/samples/c_test.mp4: Pruned 50% YOLOv3 | FPS ==> (91.369)
video 1/1 (180/1303) data/samples/c_test.mp4: Pruned 50% YOLOv3 | FPS ==> (92.780)
video 1/1 (181/1303) data/samples/c_test.mp4: Pruned 50% YOLOv3 | FPS ==> (101.710)
video 1/1 (182/1303) data/samples/c_test.mp4: Pruned 50% YOLOv3 | FPS ==> (97.264)
video 1/1 (183/1303) data/samples/c_test.mp4: Pruned 50% YOLOv3 | FPS ==> (97.259)
video 1/1 (184/1303) data/samples/c_test.mp4: Pruned 50% YOLOv3 | FPS ==> (99.900)
video 1/1 (185/1303) data/samples/c_test.mp4: Pruned 50% YOLOv3 | FPS ==> (92.485)
video 1/1 (186/1303) data/samples/c_test.mp4: Pruned 50% YOLOv3 | FPS ==> (95.347)
video 1/1 (187/1303) data/samples/c_test.mp4: Pruned 50% YOLOv3 | FPS ==> (103.395)
video 1/1 (188/1303) data/samples/c_test.mp4: Pruned 50% YOLOv3 | FPS ==> (100.409)
video 1/1 (189/1303) data/samples/c_test.mp4: Pruned 50% YOLOv3 | FPS ==> (95.358)
video 1/1 (190/1303) data/samples/c_test.mp4: Pruned 50% YOLOv3 | FPS ==> (102.026)
video 1/1 (191/1303) data/samples/c_test.mp4: Pruned 50% YOLOv3 | FPS ==> (94.341)
video 1/1 (192/1303) data/samples/c_test.mp4: Pruned 50% YOLOv3 | FPS ==> (99.403)
video 1/1 (193/1303) data/samples/c_test.mp4: Pruned 50% YOLOv3 | FPS ==> (103.285)
video 1/1 (194/1303) data/samples/c_test.mp4: Pruned 50% YOLOv3 | FPS ==> (96.140)
video 1/1 (195/1303) data/samples/c_test.mp4: Pruned 50% YOLOv3 | FPS ==> (83.570)
video 1/1 (196/1303) data/samples/c_test.mp4: Pruned 50% YOLOv3 | FPS ==> (98.092)
video 1/1 (197/1303) data/samples/c_test.mp4: Pruned 50% YOLOv3 | FPS ==> (105.626)
video 1/1 (198/1303) data/samples/c_test.mp4: Pruned 50% YOLOv3 | FPS ==> (100.808)
video 1/1 (199/1303) data/samples/c_test.mp4: Pruned 50% YOLOv3 | FPS ==> (106.788)
video 1/1 (200/1303) data/samples/c_test.mp4: Pruned 50% YOLOv3 | FPS ==> (101.024)
video 1/1 (201/1303) data/samples/c_test.mp4: Pruned 50% YOLOv3 | FPS ==> (109.420)
video 1/1 (202/1303) data/samples/c_test.mp4: Pruned 50% YOLOv3 | FPS ==> (109.658)
video 1/1 (203/1303) data/samples/c_test.mp4: Pruned 50% YOLOv3 | FPS ==> (109.480)
video 1/1 (204/1303) data/samples/c_test.mp4: Pruned 50% YOLOv3 | FPS ==> (103.166)
video 1/1 (205/1303) data/samples/c_test.mp4: Pruned 50% YOLOv3 | FPS ==> (108.248)
video 1/1 (206/1303) data/samples/c_test.mp4: Pruned 50% YOLOv3 | FPS ==> (110.805)
video 1/1 (207/1303) data/samples/c_test.mp4: Pruned 50% YOLOv3 | FPS ==> (104.484)
video 1/1 (208/1303) data/samples/c_test.mp4: Pruned 50% YOLOv3 | FPS ==> (109.807)
video 1/1 (209/1303) data/samples/c_test.mp4: Pruned 50% YOLOv3 | FPS ==> (107.673)
video 1/1 (210/1303) data/samples/c_test.mp4: Pruned 50% YOLOv3 | FPS ==> (107.148)
video 1/1 (211/1303) data/samples/c_test.mp4: Pruned 50% YOLOv3 | FPS ==> (104.981)
video 1/1 (212/1303) data/samples/c_test.mp4: Pruned 50% YOLOv3 | FPS ==> (108.439)
video 1/1 (213/1303) data/samples/c_test.mp4: Pruned 50% YOLOv3 | FPS ==> (108.262)
video 1/1 (214/1303) data/samples/c_test.mp4: Pruned 50% YOLOv3 | FPS ==> (108.271)
video 1/1 (215/1303) data/samples/c_test.mp4: Pruned 50% YOLOv3 | FPS ==> (108.647)
video 1/1 (216/1303) data/samples/c_test.mp4: Pruned 50% YOLOv3 | FPS ==> (96.045)
video 1/1 (217/1303) data/samples/c_test.mp4: Pruned 50% YOLOv3 | FPS ==> (101.604)
video 1/1 (218/1303) data/samples/c_test.mp4: Pruned 50% YOLOv3 | FPS ==> (109.885)
video 1/1 (219/1303) data/samples/c_test.mp4: Pruned 50% YOLOv3 | FPS ==> (104.575)
video 1/1 (220/1303) data/samples/c_test.mp4: Pruned 50% YOLOv3 | FPS ==> (84.100)
video 1/1 (221/1303) data/samples/c_test.mp4: Pruned 50% YOLOv3 | FPS ==> (67.264)
video 1/1 (222/1303) data/samples/c_test.mp4: Pruned 50% YOLOv3 | FPS ==> (67.011)
video 1/1 (223/1303) data/samples/c_test.mp4: Pruned 50% YOLOv3 | FPS ==> (56.925)
video 1/1 (224/1303) data/samples/c_test.mp4: Pruned 50% YOLOv3 | FPS ==> (63.773)
video 1/1 (225/1303) data/samples/c_test.mp4: Pruned 50% YOLOv3 | FPS ==> (64.369)
video 1/1 (226/1303) data/samples/c_test.mp4: Pruned 50% YOLOv3 | FPS ==> (67.513)
video 1/1 (227/1303) data/samples/c_test.mp4: Pruned 50% YOLOv3 | FPS ==> (69.984)
video 1/1 (228/1303) data/samples/c_test.mp4: Pruned 50% YOLOv3 | FPS ==> (66.648)
video 1/1 (229/1303) data/samples/c_test.mp4: Pruned 50% YOLOv3 | FPS ==> (64.488)
video 1/1 (230/1303) data/samples/c_test.mp4: Pruned 50% YOLOv3 | FPS ==> (68.450)
video 1/1 (231/1303) data/samples/c_test.mp4: Pruned 50% YOLOv3 | FPS ==> (67.888)
video 1/1 (232/1303) data/samples/c_test.mp4: Pruned 50% YOLOv3 | FPS ==> (67.329)
video 1/1 (233/1303) data/samples/c_test.mp4: Pruned 50% YOLOv3 | FPS ==> (66.147)
video 1/1 (234/1303) data/samples/c_test.mp4: Pruned 50% YOLOv3 | FPS ==> (63.911)
video 1/1 (235/1303) data/samples/c_test.mp4: Pruned 50% YOLOv3 | FPS ==> (65.554)
video 1/1 (236/1303) data/samples/c_test.mp4: Pruned 50% YOLOv3 | FPS ==> (65.543)
video 1/1 (237/1303) data/samples/c_test.mp4: Pruned 50% YOLOv3 | FPS ==> (67.009)
video 1/1 (238/1303) data/samples/c_test.mp4: Pruned 50% YOLOv3 | FPS ==> (65.930)
video 1/1 (239/1303) data/samples/c_test.mp4: Pruned 50% YOLOv3 | FPS ==> (63.878)
video 1/1 (240/1303) data/samples/c_test.mp4: Pruned 50% YOLOv3 | FPS ==> (64.123)
video 1/1 (241/1303) data/samples/c_test.mp4: Pruned 50% YOLOv3 | FPS ==> (63.365)
video 1/1 (242/1303) data/samples/c_test.mp4: Pruned 50% YOLOv3 | FPS ==> (63.453)
video 1/1 (243/1303) data/samples/c_test.mp4: Pruned 50% YOLOv3 | FPS ==> (60.049)
video 1/1 (244/1303) data/samples/c_test.mp4: Pruned 50% YOLOv3 | FPS ==> (63.345)
video 1/1 (245/1303) data/samples/c_test.mp4: Pruned 50% YOLOv3 | FPS ==> (61.828)
video 1/1 (246/1303) data/samples/c_test.mp4: Pruned 50% YOLOv3 | FPS ==> (60.344)
video 1/1 (247/1303) data/samples/c_test.mp4: Pruned 50% YOLOv3 | FPS ==> (63.555)
video 1/1 (248/1303) data/samples/c_test.mp4: Pruned 50% YOLOv3 | FPS ==> (56.812)
video 1/1 (249/1303) data/samples/c_test.mp4: Pruned 50% YOLOv3 | FPS ==> (56.232)
video 1/1 (250/1303) data/samples/c_test.mp4: Pruned 50% YOLOv3 | FPS ==> (59.737)
video 1/1 (251/1303) data/samples/c_test.mp4: Pruned 50% YOLOv3 | FPS ==> (63.105)
video 1/1 (252/1303) data/samples/c_test.mp4: Pruned 50% YOLOv3 | FPS ==> (63.303)
video 1/1 (253/1303) data/samples/c_test.mp4: Pruned 50% YOLOv3 | FPS ==> (63.230)
video 1/1 (254/1303) data/samples/c_test.mp4: Pruned 50% YOLOv3 | FPS ==> (64.878)
video 1/1 (255/1303) data/samples/c_test.mp4: Pruned 50% YOLOv3 | FPS ==> (65.217)
video 1/1 (256/1303) data/samples/c_test.mp4: Pruned 50% YOLOv3 | FPS ==> (64.417)
video 1/1 (257/1303) data/samples/c_test.mp4: Pruned 50% YOLOv3 | FPS ==> (66.164)
video 1/1 (258/1303) data/samples/c_test.mp4: Pruned 50% YOLOv3 | FPS ==> (64.140)
video 1/1 (259/1303) data/samples/c_test.mp4: Pruned 50% YOLOv3 | FPS ==> (65.301)
video 1/1 (260/1303) data/samples/c_test.mp4: Pruned 50% YOLOv3 | FPS ==> (65.657)
video 1/1 (261/1303) data/samples/c_test.mp4: Pruned 50% YOLOv3 | FPS ==> (60.871)
video 1/1 (262/1303) data/samples/c_test.mp4: Pruned 50% YOLOv3 | FPS ==> (58.165)
video 1/1 (263/1303) data/samples/c_test.mp4: Pruned 50% YOLOv3 | FPS ==> (60.048)
video 1/1 (264/1303) data/samples/c_test.mp4: Pruned 50% YOLOv3 | FPS ==> (61.562)
video 1/1 (265/1303) data/samples/c_test.mp4: Pruned 50% YOLOv3 | FPS ==> (62.363)
video 1/1 (266/1303) data/samples/c_test.mp4: Pruned 50% YOLOv3 | FPS ==> (61.210)
video 1/1 (267/1303) data/samples/c_test.mp4: Pruned 50% YOLOv3 | FPS ==> (61.762)
video 1/1 (268/1303) data/samples/c_test.mp4: Pruned 50% YOLOv3 | FPS ==> (61.415)
video 1/1 (269/1303) data/samples/c_test.mp4: Pruned 50% YOLOv3 | FPS ==> (63.205)
video 1/1 (270/1303) data/samples/c_test.mp4: Pruned 50% YOLOv3 | FPS ==> (65.597)
video 1/1 (271/1303) data/samples/c_test.mp4: Pruned 50% YOLOv3 | FPS ==> (64.041)
video 1/1 (272/1303) data/samples/c_test.mp4: Pruned 50% YOLOv3 | FPS ==> (63.806)
video 1/1 (273/1303) data/samples/c_test.mp4: Pruned 50% YOLOv3 | FPS ==> (64.285)
video 1/1 (274/1303) data/samples/c_test.mp4: Pruned 50% YOLOv3 | FPS ==> (66.658)
video 1/1 (275/1303) data/samples/c_test.mp4: Pruned 50% YOLOv3 | FPS ==> (64.141)
video 1/1 (276/1303) data/samples/c_test.mp4: Pruned 50% YOLOv3 | FPS ==> (65.736)
video 1/1 (277/1303) data/samples/c_test.mp4: Pruned 50% YOLOv3 | FPS ==> (59.586)
video 1/1 (278/1303) data/samples/c_test.mp4: Pruned 50% YOLOv3 | FPS ==> (60.363)
video 1/1 (279/1303) data/samples/c_test.mp4: Pruned 50% YOLOv3 | FPS ==> (64.371)
video 1/1 (280/1303) data/samples/c_test.mp4: Pruned 50% YOLOv3 | FPS ==> (61.627)
video 1/1 (281/1303) data/samples/c_test.mp4: Pruned 50% YOLOv3 | FPS ==> (63.971)
video 1/1 (282/1303) data/samples/c_test.mp4: Pruned 50% YOLOv3 | FPS ==> (66.160)
video 1/1 (283/1303) data/samples/c_test.mp4: Pruned 50% YOLOv3 | FPS ==> (64.296)
video 1/1 (284/1303) data/samples/c_test.mp4: Pruned 50% YOLOv3 | FPS ==> (67.288)
video 1/1 (285/1303) data/samples/c_test.mp4: Pruned 50% YOLOv3 | FPS ==> (72.551)
video 1/1 (286/1303) data/samples/c_test.mp4: Pruned 50% YOLOv3 | FPS ==> (70.273)
video 1/1 (287/1303) data/samples/c_test.mp4: Pruned 50% YOLOv3 | FPS ==> (71.179)
video 1/1 (288/1303) data/samples/c_test.mp4: Pruned 50% YOLOv3 | FPS ==> (69.322)
video 1/1 (289/1303) data/samples/c_test.mp4: Pruned 50% YOLOv3 | FPS ==> (71.478)
video 1/1 (290/1303) data/samples/c_test.mp4: Pruned 50% YOLOv3 | FPS ==> (72.097)
video 1/1 (291/1303) data/samples/c_test.mp4: Pruned 50% YOLOv3 | FPS ==> (70.416)
video 1/1 (292/1303) data/samples/c_test.mp4: Pruned 50% YOLOv3 | FPS ==> (64.698)
video 1/1 (293/1303) data/samples/c_test.mp4: Pruned 50% YOLOv3 | FPS ==> (65.125)
video 1/1 (294/1303) data/samples/c_test.mp4: Pruned 50% YOLOv3 | FPS ==> (65.158)
video 1/1 (295/1303) data/samples/c_test.mp4: Pruned 50% YOLOv3 | FPS ==> (68.993)
video 1/1 (296/1303) data/samples/c_test.mp4: Pruned 50% YOLOv3 | FPS ==> (69.369)
video 1/1 (297/1303) data/samples/c_test.mp4: Pruned 50% YOLOv3 | FPS ==> (69.075)
video 1/1 (298/1303) data/samples/c_test.mp4: Pruned 50% YOLOv3 | FPS ==> (69.227)
video 1/1 (299/1303) data/samples/c_test.mp4: Pruned 50% YOLOv3 | FPS ==> (69.287)
video 1/1 (300/1303) data/samples/c_test.mp4: Pruned 50% YOLOv3 | FPS ==> (67.188)
video 1/1 (301/1303) data/samples/c_test.mp4: Pruned 50% YOLOv3 | FPS ==> (69.932)
video 1/1 (302/1303) data/samples/c_test.mp4: Pruned 50% YOLOv3 | FPS ==> (64.492)
video 1/1 (303/1303) data/samples/c_test.mp4: Pruned 50% YOLOv3 | FPS ==> (74.209)
video 1/1 (304/1303) data/samples/c_test.mp4: Pruned 50% YOLOv3 | FPS ==> (70.602)
video 1/1 (305/1303) data/samples/c_test.mp4: Pruned 50% YOLOv3 | FPS ==> (70.948)
video 1/1 (306/1303) data/samples/c_test.mp4: Pruned 50% YOLOv3 | FPS ==> (71.142)
video 1/1 (307/1303) data/samples/c_test.mp4: Pruned 50% YOLOv3 | FPS ==> (70.828)
video 1/1 (308/1303) data/samples/c_test.mp4: Pruned 50% YOLOv3 | FPS ==> (71.456)
video 1/1 (309/1303) data/samples/c_test.mp4: Pruned 50% YOLOv3 | FPS ==> (73.365)
video 1/1 (310/1303) data/samples/c_test.mp4: Pruned 50% YOLOv3 | FPS ==> (73.425)
video 1/1 (311/1303) data/samples/c_test.mp4: Pruned 50% YOLOv3 | FPS ==> (80.744)
video 1/1 (312/1303) data/samples/c_test.mp4: Pruned 50% YOLOv3 | FPS ==> (74.608)
video 1/1 (313/1303) data/samples/c_test.mp4: Pruned 50% YOLOv3 | FPS ==> (72.037)
video 1/1 (314/1303) data/samples/c_test.mp4: Pruned 50% YOLOv3 | FPS ==> (85.385)
video 1/1 (315/1303) data/samples/c_test.mp4: Pruned 50% YOLOv3 | FPS ==> (84.802)
video 1/1 (316/1303) data/samples/c_test.mp4: Pruned 50% YOLOv3 | FPS ==> (80.579)
video 1/1 (317/1303) data/samples/c_test.mp4: Pruned 50% YOLOv3 | FPS ==> (81.524)
video 1/1 (318/1303) data/samples/c_test.mp4: Pruned 50% YOLOv3 | FPS ==> (78.704)
video 1/1 (319/1303) data/samples/c_test.mp4: Pruned 50% YOLOv3 | FPS ==> (85.845)
video 1/1 (320/1303) data/samples/c_test.mp4: Pruned 50% YOLOv3 | FPS ==> (79.844)
video 1/1 (321/1303) data/samples/c_test.mp4: Pruned 50% YOLOv3 | FPS ==> (85.436)
video 1/1 (322/1303) data/samples/c_test.mp4: Pruned 50% YOLOv3 | FPS ==> (86.656)
video 1/1 (323/1303) data/samples/c_test.mp4: Pruned 50% YOLOv3 | FPS ==> (84.257)
video 1/1 (324/1303) data/samples/c_test.mp4: Pruned 50% YOLOv3 | FPS ==> (88.205)
video 1/1 (325/1303) data/samples/c_test.mp4: Pruned 50% YOLOv3 | FPS ==> (89.668)
video 1/1 (326/1303) data/samples/c_test.mp4: Pruned 50% YOLOv3 | FPS ==> (84.969)
video 1/1 (327/1303) data/samples/c_test.mp4: Pruned 50% YOLOv3 | FPS ==> (75.300)
video 1/1 (328/1303) data/samples/c_test.mp4: Pruned 50% YOLOv3 | FPS ==> (82.767)
video 1/1 (329/1303) data/samples/c_test.mp4: Pruned 50% YOLOv3 | FPS ==> (81.730)
video 1/1 (330/1303) data/samples/c_test.mp4: Pruned 50% YOLOv3 | FPS ==> (77.424)
video 1/1 (331/1303) data/samples/c_test.mp4: Pruned 50% YOLOv3 | FPS ==> (75.574)
video 1/1 (332/1303) data/samples/c_test.mp4: Pruned 50% YOLOv3 | FPS ==> (78.153)
video 1/1 (333/1303) data/samples/c_test.mp4: Pruned 50% YOLOv3 | FPS ==> (83.670)
video 1/1 (334/1303) data/samples/c_test.mp4: Pruned 50% YOLOv3 | FPS ==> (84.105)
video 1/1 (335/1303) data/samples/c_test.mp4: Pruned 50% YOLOv3 | FPS ==> (87.263)
video 1/1 (336/1303) data/samples/c_test.mp4: Pruned 50% YOLOv3 | FPS ==> (83.240)
video 1/1 (337/1303) data/samples/c_test.mp4: Pruned 50% YOLOv3 | FPS ==> (87.323)
video 1/1 (338/1303) data/samples/c_test.mp4: Pruned 50% YOLOv3 | FPS ==> (83.734)
video 1/1 (339/1303) data/samples/c_test.mp4: Pruned 50% YOLOv3 | FPS ==> (87.436)
video 1/1 (340/1303) data/samples/c_test.mp4: Pruned 50% YOLOv3 | FPS ==> (83.869)
video 1/1 (341/1303) data/samples/c_test.mp4: Pruned 50% YOLOv3 | FPS ==> (86.835)
video 1/1 (342/1303) data/samples/c_test.mp4: Pruned 50% YOLOv3 | FPS ==> (85.898)
video 1/1 (343/1303) data/samples/c_test.mp4: Pruned 50% YOLOv3 | FPS ==> (82.655)
video 1/1 (344/1303) data/samples/c_test.mp4: Pruned 50% YOLOv3 | FPS ==> (81.493)
video 1/1 (345/1303) data/samples/c_test.mp4: Pruned 50% YOLOv3 | FPS ==> (85.472)
video 1/1 (346/1303) data/samples/c_test.mp4: Pruned 50% YOLOv3 | FPS ==> (87.688)
video 1/1 (347/1303) data/samples/c_test.mp4: Pruned 50% YOLOv3 | FPS ==> (86.846)
video 1/1 (348/1303) data/samples/c_test.mp4: Pruned 50% YOLOv3 | FPS ==> (83.077)
video 1/1 (349/1303) data/samples/c_test.mp4: Pruned 50% YOLOv3 | FPS ==> (83.126)
video 1/1 (350/1303) data/samples/c_test.mp4: Pruned 50% YOLOv3 | FPS ==> (85.155)
video 1/1 (351/1303) data/samples/c_test.mp4: Pruned 50% YOLOv3 | FPS ==> (78.303)
video 1/1 (352/1303) data/samples/c_test.mp4: Pruned 50% YOLOv3 | FPS ==> (80.963)
video 1/1 (353/1303) data/samples/c_test.mp4: Pruned 50% YOLOv3 | FPS ==> (75.093)
video 1/1 (354/1303) data/samples/c_test.mp4: Pruned 50% YOLOv3 | FPS ==> (78.179)
video 1/1 (355/1303) data/samples/c_test.mp4: Pruned 50% YOLOv3 | FPS ==> (82.438)
video 1/1 (356/1303) data/samples/c_test.mp4: Pruned 50% YOLOv3 | FPS ==> (80.753)
video 1/1 (357/1303) data/samples/c_test.mp4: Pruned 50% YOLOv3 | FPS ==> (85.819)
video 1/1 (358/1303) data/samples/c_test.mp4: Pruned 50% YOLOv3 | FPS ==> (83.318)
video 1/1 (359/1303) data/samples/c_test.mp4: Pruned 50% YOLOv3 | FPS ==> (75.337)
video 1/1 (360/1303) data/samples/c_test.mp4: Pruned 50% YOLOv3 | FPS ==> (81.596)
video 1/1 (361/1303) data/samples/c_test.mp4: Pruned 50% YOLOv3 | FPS ==> (80.340)
video 1/1 (362/1303) data/samples/c_test.mp4: Pruned 50% YOLOv3 | FPS ==> (80.460)
video 1/1 (363/1303) data/samples/c_test.mp4: Pruned 50% YOLOv3 | FPS ==> (76.417)
video 1/1 (364/1303) data/samples/c_test.mp4: Pruned 50% YOLOv3 | FPS ==> (77.593)
video 1/1 (365/1303) data/samples/c_test.mp4: Pruned 50% YOLOv3 | FPS ==> (81.283)
video 1/1 (366/1303) data/samples/c_test.mp4: Pruned 50% YOLOv3 | FPS ==> (84.061)
video 1/1 (367/1303) data/samples/c_test.mp4: Pruned 50% YOLOv3 | FPS ==> (75.004)
video 1/1 (368/1303) data/samples/c_test.mp4: Pruned 50% YOLOv3 | FPS ==> (67.536)
video 1/1 (369/1303) data/samples/c_test.mp4: Pruned 50% YOLOv3 | FPS ==> (66.836)
video 1/1 (370/1303) data/samples/c_test.mp4: Pruned 50% YOLOv3 | FPS ==> (72.769)
video 1/1 (371/1303) data/samples/c_test.mp4: Pruned 50% YOLOv3 | FPS ==> (66.151)
video 1/1 (372/1303) data/samples/c_test.mp4: Pruned 50% YOLOv3 | FPS ==> (65.620)
video 1/1 (373/1303) data/samples/c_test.mp4: Pruned 50% YOLOv3 | FPS ==> (77.760)
video 1/1 (374/1303) data/samples/c_test.mp4: Pruned 50% YOLOv3 | FPS ==> (72.736)
video 1/1 (375/1303) data/samples/c_test.mp4: Pruned 50% YOLOv3 | FPS ==> (72.835)
video 1/1 (376/1303) data/samples/c_test.mp4: Pruned 50% YOLOv3 | FPS ==> (79.148)
video 1/1 (377/1303) data/samples/c_test.mp4: Pruned 50% YOLOv3 | FPS ==> (78.375)
video 1/1 (378/1303) data/samples/c_test.mp4: Pruned 50% YOLOv3 | FPS ==> (76.162)
video 1/1 (379/1303) data/samples/c_test.mp4: Pruned 50% YOLOv3 | FPS ==> (81.573)
video 1/1 (380/1303) data/samples/c_test.mp4: Pruned 50% YOLOv3 | FPS ==> (78.834)
video 1/1 (381/1303) data/samples/c_test.mp4: Pruned 50% YOLOv3 | FPS ==> (71.755)
video 1/1 (382/1303) data/samples/c_test.mp4: Pruned 50% YOLOv3 | FPS ==> (77.612)
video 1/1 (383/1303) data/samples/c_test.mp4: Pruned 50% YOLOv3 | FPS ==> (75.479)
video 1/1 (384/1303) data/samples/c_test.mp4: Pruned 50% YOLOv3 | FPS ==> (74.727)
video 1/1 (385/1303) data/samples/c_test.mp4: Pruned 50% YOLOv3 | FPS ==> (78.790)
video 1/1 (386/1303) data/samples/c_test.mp4: Pruned 50% YOLOv3 | FPS ==> (72.428)
video 1/1 (387/1303) data/samples/c_test.mp4: Pruned 50% YOLOv3 | FPS ==> (78.367)
video 1/1 (388/1303) data/samples/c_test.mp4: Pruned 50% YOLOv3 | FPS ==> (76.451)
video 1/1 (389/1303) data/samples/c_test.mp4: Pruned 50% YOLOv3 | FPS ==> (76.069)
video 1/1 (390/1303) data/samples/c_test.mp4: Pruned 50% YOLOv3 | FPS ==> (65.471)
video 1/1 (391/1303) data/samples/c_test.mp4: Pruned 50% YOLOv3 | FPS ==> (72.631)
video 1/1 (392/1303) data/samples/c_test.mp4: Pruned 50% YOLOv3 | FPS ==> (83.214)
video 1/1 (393/1303) data/samples/c_test.mp4: Pruned 50% YOLOv3 | FPS ==> (85.884)
video 1/1 (394/1303) data/samples/c_test.mp4: Pruned 50% YOLOv3 | FPS ==> (79.011)
video 1/1 (395/1303) data/samples/c_test.mp4: Pruned 50% YOLOv3 | FPS ==> (87.535)
video 1/1 (396/1303) data/samples/c_test.mp4: Pruned 50% YOLOv3 | FPS ==> (80.818)
video 1/1 (397/1303) data/samples/c_test.mp4: Pruned 50% YOLOv3 | FPS ==> (79.878)
video 1/1 (398/1303) data/samples/c_test.mp4: Pruned 50% YOLOv3 | FPS ==> (82.588)
video 1/1 (399/1303) data/samples/c_test.mp4: Pruned 50% YOLOv3 | FPS ==> (78.681)
video 1/1 (400/1303) data/samples/c_test.mp4: Pruned 50% YOLOv3 | FPS ==> (85.069)
video 1/1 (401/1303) data/samples/c_test.mp4: Pruned 50% YOLOv3 | FPS ==> (74.992)
video 1/1 (402/1303) data/samples/c_test.mp4: Pruned 50% YOLOv3 | FPS ==> (97.824)
video 1/1 (403/1303) data/samples/c_test.mp4: Pruned 50% YOLOv3 | FPS ==> (98.493)
video 1/1 (404/1303) data/samples/c_test.mp4: Pruned 50% YOLOv3 | FPS ==> (91.115)
video 1/1 (405/1303) data/samples/c_test.mp4: Pruned 50% YOLOv3 | FPS ==> (89.096)
video 1/1 (406/1303) data/samples/c_test.mp4: Pruned 50% YOLOv3 | FPS ==> (101.476)
video 1/1 (407/1303) data/samples/c_test.mp4: Pruned 50% YOLOv3 | FPS ==> (92.592)
video 1/1 (408/1303) data/samples/c_test.mp4: Pruned 50% YOLOv3 | FPS ==> (96.213)
video 1/1 (409/1303) data/samples/c_test.mp4: Pruned 50% YOLOv3 | FPS ==> (99.876)
video 1/1 (410/1303) data/samples/c_test.mp4: Pruned 50% YOLOv3 | FPS ==> (92.518)
video 1/1 (411/1303) data/samples/c_test.mp4: Pruned 50% YOLOv3 | FPS ==> (95.900)
video 1/1 (412/1303) data/samples/c_test.mp4: Pruned 50% YOLOv3 | FPS ==> (96.525)
video 1/1 (413/1303) data/samples/c_test.mp4: Pruned 50% YOLOv3 | FPS ==> (85.898)
video 1/1 (414/1303) data/samples/c_test.mp4: Pruned 50% YOLOv3 | FPS ==> (109.623)
video 1/1 (415/1303) data/samples/c_test.mp4: Pruned 50% YOLOv3 | FPS ==> (96.969)
video 1/1 (416/1303) data/samples/c_test.mp4: Pruned 50% YOLOv3 | FPS ==> (96.270)
video 1/1 (417/1303) data/samples/c_test.mp4: Pruned 50% YOLOv3 | FPS ==> (97.596)
video 1/1 (418/1303) data/samples/c_test.mp4: Pruned 50% YOLOv3 | FPS ==> (99.592)
video 1/1 (419/1303) data/samples/c_test.mp4: Pruned 50% YOLOv3 | FPS ==> (106.536)
video 1/1 (420/1303) data/samples/c_test.mp4: Pruned 50% YOLOv3 | FPS ==> (95.863)
video 1/1 (421/1303) data/samples/c_test.mp4: Pruned 50% YOLOv3 | FPS ==> (94.778)
video 1/1 (422/1303) data/samples/c_test.mp4: Pruned 50% YOLOv3 | FPS ==> (91.310)
video 1/1 (423/1303) data/samples/c_test.mp4: Pruned 50% YOLOv3 | FPS ==> (103.653)
video 1/1 (424/1303) data/samples/c_test.mp4: Pruned 50% YOLOv3 | FPS ==> (95.634)
video 1/1 (425/1303) data/samples/c_test.mp4: Pruned 50% YOLOv3 | FPS ==> (97.180)
video 1/1 (426/1303) data/samples/c_test.mp4: Pruned 50% YOLOv3 | FPS ==> (93.352)
video 1/1 (427/1303) data/samples/c_test.mp4: Pruned 50% YOLOv3 | FPS ==> (96.570)
video 1/1 (428/1303) data/samples/c_test.mp4: Pruned 50% YOLOv3 | FPS ==> (94.460)
video 1/1 (429/1303) data/samples/c_test.mp4: Pruned 50% YOLOv3 | FPS ==> (94.520)
video 1/1 (430/1303) data/samples/c_test.mp4: Pruned 50% YOLOv3 | FPS ==> (90.340)
video 1/1 (431/1303) data/samples/c_test.mp4: Pruned 50% YOLOv3 | FPS ==> (94.112)
video 1/1 (432/1303) data/samples/c_test.mp4: Pruned 50% YOLOv3 | FPS ==> (96.710)
video 1/1 (433/1303) data/samples/c_test.mp4: Pruned 50% YOLOv3 | FPS ==> (99.803)
video 1/1 (434/1303) data/samples/c_test.mp4: Pruned 50% YOLOv3 | FPS ==> (100.462)
video 1/1 (435/1303) data/samples/c_test.mp4: Pruned 50% YOLOv3 | FPS ==> (94.400)
video 1/1 (436/1303) data/samples/c_test.mp4: Pruned 50% YOLOv3 | FPS ==> (101.385)
video 1/1 (437/1303) data/samples/c_test.mp4: Pruned 50% YOLOv3 | FPS ==> (102.943)
video 1/1 (438/1303) data/samples/c_test.mp4: Pruned 50% YOLOv3 | FPS ==> (101.498)
video 1/1 (439/1303) data/samples/c_test.mp4: Pruned 50% YOLOv3 | FPS ==> (107.712)
video 1/1 (440/1303) data/samples/c_test.mp4: Pruned 50% YOLOv3 | FPS ==> (96.359)
video 1/1 (441/1303) data/samples/c_test.mp4: Pruned 50% YOLOv3 | FPS ==> (101.739)
video 1/1 (442/1303) data/samples/c_test.mp4: Pruned 50% YOLOv3 | FPS ==> (82.877)
video 1/1 (443/1303) data/samples/c_test.mp4: Pruned 50% YOLOv3 | FPS ==> (94.089)
video 1/1 (444/1303) data/samples/c_test.mp4: Pruned 50% YOLOv3 | FPS ==> (97.646)
video 1/1 (445/1303) data/samples/c_test.mp4: Pruned 50% YOLOv3 | FPS ==> (101.068)
video 1/1 (446/1303) data/samples/c_test.mp4: Pruned 50% YOLOv3 | FPS ==> (99.521)
video 1/1 (447/1303) data/samples/c_test.mp4: Pruned 50% YOLOv3 | FPS ==> (103.953)
video 1/1 (448/1303) data/samples/c_test.mp4: Pruned 50% YOLOv3 | FPS ==> (97.381)
video 1/1 (449/1303) data/samples/c_test.mp4: Pruned 50% YOLOv3 | FPS ==> (103.940)
video 1/1 (450/1303) data/samples/c_test.mp4: Pruned 50% YOLOv3 | FPS ==> (96.719)
video 1/1 (451/1303) data/samples/c_test.mp4: Pruned 50% YOLOv3 | FPS ==> (103.176)
video 1/1 (452/1303) data/samples/c_test.mp4: Pruned 50% YOLOv3 | FPS ==> (102.353)
video 1/1 (453/1303) data/samples/c_test.mp4: Pruned 50% YOLOv3 | FPS ==> (101.853)
video 1/1 (454/1303) data/samples/c_test.mp4: Pruned 50% YOLOv3 | FPS ==> (98.197)
video 1/1 (455/1303) data/samples/c_test.mp4: Pruned 50% YOLOv3 | FPS ==> (92.185)
video 1/1 (456/1303) data/samples/c_test.mp4: Pruned 50% YOLOv3 | FPS ==> (99.062)
video 1/1 (457/1303) data/samples/c_test.mp4: Pruned 50% YOLOv3 | FPS ==> (98.216)
video 1/1 (458/1303) data/samples/c_test.mp4: Pruned 50% YOLOv3 | FPS ==> (94.765)
video 1/1 (459/1303) data/samples/c_test.mp4: Pruned 50% YOLOv3 | FPS ==> (99.981)
video 1/1 (460/1303) data/samples/c_test.mp4: Pruned 50% YOLOv3 | FPS ==> (99.976)
video 1/1 (461/1303) data/samples/c_test.mp4: Pruned 50% YOLOv3 | FPS ==> (97.576)
video 1/1 (462/1303) data/samples/c_test.mp4: Pruned 50% YOLOv3 | FPS ==> (96.565)
video 1/1 (463/1303) data/samples/c_test.mp4: Pruned 50% YOLOv3 | FPS ==> (84.852)
video 1/1 (464/1303) data/samples/c_test.mp4: Pruned 50% YOLOv3 | FPS ==> (98.449)
video 1/1 (465/1303) data/samples/c_test.mp4: Pruned 50% YOLOv3 | FPS ==> (103.009)
video 1/1 (466/1303) data/samples/c_test.mp4: Pruned 50% YOLOv3 | FPS ==> (85.575)
video 1/1 (467/1303) data/samples/c_test.mp4: Pruned 50% YOLOv3 | FPS ==> (86.783)
video 1/1 (468/1303) data/samples/c_test.mp4: Pruned 50% YOLOv3 | FPS ==> (82.021)
video 1/1 (469/1303) data/samples/c_test.mp4: Pruned 50% YOLOv3 | FPS ==> (88.227)
video 1/1 (470/1303) data/samples/c_test.mp4: Pruned 50% YOLOv3 | FPS ==> (74.819)
video 1/1 (471/1303) data/samples/c_test.mp4: Pruned 50% YOLOv3 | FPS ==> (74.577)
video 1/1 (472/1303) data/samples/c_test.mp4: Pruned 50% YOLOv3 | FPS ==> (77.320)
video 1/1 (473/1303) data/samples/c_test.mp4: Pruned 50% YOLOv3 | FPS ==> (76.039)
video 1/1 (474/1303) data/samples/c_test.mp4: Pruned 50% YOLOv3 | FPS ==> (90.578)
video 1/1 (475/1303) data/samples/c_test.mp4: Pruned 50% YOLOv3 | FPS ==> (83.368)
video 1/1 (476/1303) data/samples/c_test.mp4: Pruned 50% YOLOv3 | FPS ==> (87.396)
video 1/1 (477/1303) data/samples/c_test.mp4: Pruned 50% YOLOv3 | FPS ==> (92.957)
video 1/1 (478/1303) data/samples/c_test.mp4: Pruned 50% YOLOv3 | FPS ==> (93.487)
video 1/1 (479/1303) data/samples/c_test.mp4: Pruned 50% YOLOv3 | FPS ==> (100.839)
video 1/1 (480/1303) data/samples/c_test.mp4: Pruned 50% YOLOv3 | FPS ==> (87.416)
video 1/1 (481/1303) data/samples/c_test.mp4: Pruned 50% YOLOv3 | FPS ==> (92.031)
video 1/1 (482/1303) data/samples/c_test.mp4: Pruned 50% YOLOv3 | FPS ==> (93.481)
video 1/1 (483/1303) data/samples/c_test.mp4: Pruned 50% YOLOv3 | FPS ==> (90.385)
video 1/1 (484/1303) data/samples/c_test.mp4: Pruned 50% YOLOv3 | FPS ==> (79.702)
video 1/1 (485/1303) data/samples/c_test.mp4: Pruned 50% YOLOv3 | FPS ==> (89.336)
video 1/1 (486/1303) data/samples/c_test.mp4: Pruned 50% YOLOv3 | FPS ==> (90.319)
video 1/1 (487/1303) data/samples/c_test.mp4: Pruned 50% YOLOv3 | FPS ==> (80.641)
video 1/1 (488/1303) data/samples/c_test.mp4: Pruned 50% YOLOv3 | FPS ==> (88.671)
video 1/1 (489/1303) data/samples/c_test.mp4: Pruned 50% YOLOv3 | FPS ==> (67.366)
video 1/1 (490/1303) data/samples/c_test.mp4: Pruned 50% YOLOv3 | FPS ==> (74.055)
video 1/1 (491/1303) data/samples/c_test.mp4: Pruned 50% YOLOv3 | FPS ==> (86.386)
video 1/1 (492/1303) data/samples/c_test.mp4: Pruned 50% YOLOv3 | FPS ==> (84.771)
video 1/1 (493/1303) data/samples/c_test.mp4: Pruned 50% YOLOv3 | FPS ==> (85.148)
video 1/1 (494/1303) data/samples/c_test.mp4: Pruned 50% YOLOv3 | FPS ==> (92.626)
video 1/1 (495/1303) data/samples/c_test.mp4: Pruned 50% YOLOv3 | FPS ==> (88.991)
video 1/1 (496/1303) data/samples/c_test.mp4: Pruned 50% YOLOv3 | FPS ==> (88.568)
video 1/1 (497/1303) data/samples/c_test.mp4: Pruned 50% YOLOv3 | FPS ==> (93.537)
video 1/1 (498/1303) data/samples/c_test.mp4: Pruned 50% YOLOv3 | FPS ==> (95.958)
video 1/1 (499/1303) data/samples/c_test.mp4: Pruned 50% YOLOv3 | FPS ==> (92.784)
video 1/1 (500/1303) data/samples/c_test.mp4: Pruned 50% YOLOv3 | FPS ==> (88.898)
video 1/1 (501/1303) data/samples/c_test.mp4: Pruned 50% YOLOv3 | FPS ==> (88.748)
video 1/1 (502/1303) data/samples/c_test.mp4: Pruned 50% YOLOv3 | FPS ==> (93.391)
video 1/1 (503/1303) data/samples/c_test.mp4: Pruned 50% YOLOv3 | FPS ==> (96.525)
video 1/1 (504/1303) data/samples/c_test.mp4: Pruned 50% YOLOv3 | FPS ==> (99.521)
video 1/1 (505/1303) data/samples/c_test.mp4: Pruned 50% YOLOv3 | FPS ==> (98.864)
video 1/1 (506/1303) data/samples/c_test.mp4: Pruned 50% YOLOv3 | FPS ==> (96.478)
video 1/1 (507/1303) data/samples/c_test.mp4: Pruned 50% YOLOv3 | FPS ==> (98.481)
video 1/1 (508/1303) data/samples/c_test.mp4: Pruned 50% YOLOv3 | FPS ==> (90.999)
video 1/1 (509/1303) data/samples/c_test.mp4: Pruned 50% YOLOv3 | FPS ==> (88.500)
video 1/1 (510/1303) data/samples/c_test.mp4: Pruned 50% YOLOv3 | FPS ==> (90.857)
video 1/1 (511/1303) data/samples/c_test.mp4: Pruned 50% YOLOv3 | FPS ==> (99.018)
video 1/1 (512/1303) data/samples/c_test.mp4: Pruned 50% YOLOv3 | FPS ==> (93.362)
video 1/1 (513/1303) data/samples/c_test.mp4: Pruned 50% YOLOv3 | FPS ==> (96.474)
video 1/1 (514/1303) data/samples/c_test.mp4: Pruned 50% YOLOv3 | FPS ==> (98.894)
video 1/1 (515/1303) data/samples/c_test.mp4: Pruned 50% YOLOv3 | FPS ==> (95.944)
video 1/1 (516/1303) data/samples/c_test.mp4: Pruned 50% YOLOv3 | FPS ==> (94.443)
video 1/1 (517/1303) data/samples/c_test.mp4: Pruned 50% YOLOv3 | FPS ==> (91.014)
video 1/1 (518/1303) data/samples/c_test.mp4: Pruned 50% YOLOv3 | FPS ==> (96.761)
video 1/1 (519/1303) data/samples/c_test.mp4: Pruned 50% YOLOv3 | FPS ==> (86.472)
video 1/1 (520/1303) data/samples/c_test.mp4: Pruned 50% YOLOv3 | FPS ==> (99.396)
video 1/1 (521/1303) data/samples/c_test.mp4: Pruned 50% YOLOv3 | FPS ==> (96.594)
video 1/1 (522/1303) data/samples/c_test.mp4: Pruned 50% YOLOv3 | FPS ==> (94.954)
video 1/1 (523/1303) data/samples/c_test.mp4: Pruned 50% YOLOv3 | FPS ==> (97.302)
video 1/1 (524/1303) data/samples/c_test.mp4: Pruned 50% YOLOv3 | FPS ==> (92.581)
video 1/1 (525/1303) data/samples/c_test.mp4: Pruned 50% YOLOv3 | FPS ==> (99.836)
video 1/1 (526/1303) data/samples/c_test.mp4: Pruned 50% YOLOv3 | FPS ==> (101.180)
video 1/1 (527/1303) data/samples/c_test.mp4: Pruned 50% YOLOv3 | FPS ==> (96.028)
video 1/1 (528/1303) data/samples/c_test.mp4: Pruned 50% YOLOv3 | FPS ==> (96.039)
video 1/1 (529/1303) data/samples/c_test.mp4: Pruned 50% YOLOv3 | FPS ==> (99.874)
video 1/1 (530/1303) data/samples/c_test.mp4: Pruned 50% YOLOv3 | FPS ==> (101.273)
video 1/1 (531/1303) data/samples/c_test.mp4: Pruned 50% YOLOv3 | FPS ==> (102.741)
video 1/1 (532/1303) data/samples/c_test.mp4: Pruned 50% YOLOv3 | FPS ==> (102.656)
video 1/1 (533/1303) data/samples/c_test.mp4: Pruned 50% YOLOv3 | FPS ==> (95.523)
video 1/1 (534/1303) data/samples/c_test.mp4: Pruned 50% YOLOv3 | FPS ==> (100.665)
video 1/1 (535/1303) data/samples/c_test.mp4: Pruned 50% YOLOv3 | FPS ==> (104.573)
video 1/1 (536/1303) data/samples/c_test.mp4: Pruned 50% YOLOv3 | FPS ==> (103.791)
video 1/1 (537/1303) data/samples/c_test.mp4: Pruned 50% YOLOv3 | FPS ==> (103.140)
video 1/1 (538/1303) data/samples/c_test.mp4: Pruned 50% YOLOv3 | FPS ==> (99.793)
video 1/1 (539/1303) data/samples/c_test.mp4: Pruned 50% YOLOv3 | FPS ==> (99.027)
video 1/1 (540/1303) data/samples/c_test.mp4: Pruned 50% YOLOv3 | FPS ==> (101.150)
video 1/1 (541/1303) data/samples/c_test.mp4: Pruned 50% YOLOv3 | FPS ==> (102.069)
video 1/1 (542/1303) data/samples/c_test.mp4: Pruned 50% YOLOv3 | FPS ==> (99.810)
video 1/1 (543/1303) data/samples/c_test.mp4: Pruned 50% YOLOv3 | FPS ==> (96.574)
video 1/1 (544/1303) data/samples/c_test.mp4: Pruned 50% YOLOv3 | FPS ==> (94.709)
video 1/1 (545/1303) data/samples/c_test.mp4: Pruned 50% YOLOv3 | FPS ==> (99.516)
video 1/1 (546/1303) data/samples/c_test.mp4: Pruned 50% YOLOv3 | FPS ==> (102.081)
video 1/1 (547/1303) data/samples/c_test.mp4: Pruned 50% YOLOv3 | FPS ==> (102.148)
video 1/1 (548/1303) data/samples/c_test.mp4: Pruned 50% YOLOv3 | FPS ==> (101.912)
video 1/1 (549/1303) data/samples/c_test.mp4: Pruned 50% YOLOv3 | FPS ==> (106.067)
video 1/1 (550/1303) data/samples/c_test.mp4: Pruned 50% YOLOv3 | FPS ==> (103.247)
video 1/1 (551/1303) data/samples/c_test.mp4: Pruned 50% YOLOv3 | FPS ==> (105.355)
video 1/1 (552/1303) data/samples/c_test.mp4: Pruned 50% YOLOv3 | FPS ==> (104.986)
video 1/1 (553/1303) data/samples/c_test.mp4: Pruned 50% YOLOv3 | FPS ==> (102.220)
video 1/1 (554/1303) data/samples/c_test.mp4: Pruned 50% YOLOv3 | FPS ==> (101.295)
video 1/1 (555/1303) data/samples/c_test.mp4: Pruned 50% YOLOv3 | FPS ==> (100.146)
video 1/1 (556/1303) data/samples/c_test.mp4: Pruned 50% YOLOv3 | FPS ==> (103.601)
video 1/1 (557/1303) data/samples/c_test.mp4: Pruned 50% YOLOv3 | FPS ==> (91.465)
video 1/1 (558/1303) data/samples/c_test.mp4: Pruned 50% YOLOv3 | FPS ==> (97.973)
video 1/1 (559/1303) data/samples/c_test.mp4: Pruned 50% YOLOv3 | FPS ==> (96.859)
video 1/1 (560/1303) data/samples/c_test.mp4: Pruned 50% YOLOv3 | FPS ==> (107.961)
video 1/1 (561/1303) data/samples/c_test.mp4: Pruned 50% YOLOv3 | FPS ==> (104.685)
video 1/1 (562/1303) data/samples/c_test.mp4: Pruned 50% YOLOv3 | FPS ==> (94.971)
video 1/1 (563/1303) data/samples/c_test.mp4: Pruned 50% YOLOv3 | FPS ==> (96.215)
video 1/1 (564/1303) data/samples/c_test.mp4: Pruned 50% YOLOv3 | FPS ==> (107.455)
video 1/1 (565/1303) data/samples/c_test.mp4: Pruned 50% YOLOv3 | FPS ==> (108.881)
video 1/1 (566/1303) data/samples/c_test.mp4: Pruned 50% YOLOv3 | FPS ==> (108.106)
video 1/1 (567/1303) data/samples/c_test.mp4: Pruned 50% YOLOv3 | FPS ==> (104.578)
video 1/1 (568/1303) data/samples/c_test.mp4: Pruned 50% YOLOv3 | FPS ==> (100.194)
video 1/1 (569/1303) data/samples/c_test.mp4: Pruned 50% YOLOv3 | FPS ==> (102.548)
video 1/1 (570/1303) data/samples/c_test.mp4: Pruned 50% YOLOv3 | FPS ==> (93.860)
video 1/1 (571/1303) data/samples/c_test.mp4: Pruned 50% YOLOv3 | FPS ==> (92.555)
video 1/1 (572/1303) data/samples/c_test.mp4: Pruned 50% YOLOv3 | FPS ==> (96.998)
video 1/1 (573/1303) data/samples/c_test.mp4: Pruned 50% YOLOv3 | FPS ==> (100.740)
video 1/1 (574/1303) data/samples/c_test.mp4: Pruned 50% YOLOv3 | FPS ==> (98.822)
video 1/1 (575/1303) data/samples/c_test.mp4: Pruned 50% YOLOv3 | FPS ==> (96.960)
video 1/1 (576/1303) data/samples/c_test.mp4: Pruned 50% YOLOv3 | FPS ==> (94.909)
video 1/1 (577/1303) data/samples/c_test.mp4: Pruned 50% YOLOv3 | FPS ==> (97.472)
video 1/1 (578/1303) data/samples/c_test.mp4: Pruned 50% YOLOv3 | FPS ==> (101.094)
video 1/1 (579/1303) data/samples/c_test.mp4: Pruned 50% YOLOv3 | FPS ==> (100.112)
video 1/1 (580/1303) data/samples/c_test.mp4: Pruned 50% YOLOv3 | FPS ==> (98.497)
video 1/1 (581/1303) data/samples/c_test.mp4: Pruned 50% YOLOv3 | FPS ==> (93.404)
video 1/1 (582/1303) data/samples/c_test.mp4: Pruned 50% YOLOv3 | FPS ==> (94.311)
video 1/1 (583/1303) data/samples/c_test.mp4: Pruned 50% YOLOv3 | FPS ==> (88.519)
video 1/1 (584/1303) data/samples/c_test.mp4: Pruned 50% YOLOv3 | FPS ==> (87.879)
video 1/1 (585/1303) data/samples/c_test.mp4: Pruned 50% YOLOv3 | FPS ==> (84.981)
video 1/1 (586/1303) data/samples/c_test.mp4: Pruned 50% YOLOv3 | FPS ==> (88.249)
video 1/1 (587/1303) data/samples/c_test.mp4: Pruned 50% YOLOv3 | FPS ==> (88.117)
video 1/1 (588/1303) data/samples/c_test.mp4: Pruned 50% YOLOv3 | FPS ==> (87.021)
video 1/1 (589/1303) data/samples/c_test.mp4: Pruned 50% YOLOv3 | FPS ==> (88.112)
video 1/1 (590/1303) data/samples/c_test.mp4: Pruned 50% YOLOv3 | FPS ==> (92.508)
video 1/1 (591/1303) data/samples/c_test.mp4: Pruned 50% YOLOv3 | FPS ==> (78.848)
video 1/1 (592/1303) data/samples/c_test.mp4: Pruned 50% YOLOv3 | FPS ==> (91.455)
video 1/1 (593/1303) data/samples/c_test.mp4: Pruned 50% YOLOv3 | FPS ==> (82.576)
video 1/1 (594/1303) data/samples/c_test.mp4: Pruned 50% YOLOv3 | FPS ==> (87.390)
video 1/1 (595/1303) data/samples/c_test.mp4: Pruned 50% YOLOv3 | FPS ==> (82.019)
video 1/1 (596/1303) data/samples/c_test.mp4: Pruned 50% YOLOv3 | FPS ==> (85.005)
video 1/1 (597/1303) data/samples/c_test.mp4: Pruned 50% YOLOv3 | FPS ==> (83.394)
video 1/1 (598/1303) data/samples/c_test.mp4: Pruned 50% YOLOv3 | FPS ==> (81.443)
video 1/1 (599/1303) data/samples/c_test.mp4: Pruned 50% YOLOv3 | FPS ==> (80.545)
video 1/1 (600/1303) data/samples/c_test.mp4: Pruned 50% YOLOv3 | FPS ==> (85.824)
video 1/1 (601/1303) data/samples/c_test.mp4: Pruned 50% YOLOv3 | FPS ==> (80.320)
video 1/1 (602/1303) data/samples/c_test.mp4: Pruned 50% YOLOv3 | FPS ==> (75.051)
video 1/1 (603/1303) data/samples/c_test.mp4: Pruned 50% YOLOv3 | FPS ==> (79.652)
video 1/1 (604/1303) data/samples/c_test.mp4: Pruned 50% YOLOv3 | FPS ==> (75.122)
video 1/1 (605/1303) data/samples/c_test.mp4: Pruned 50% YOLOv3 | FPS ==> (80.730)
video 1/1 (606/1303) data/samples/c_test.mp4: Pruned 50% YOLOv3 | FPS ==> (80.463)
video 1/1 (607/1303) data/samples/c_test.mp4: Pruned 50% YOLOv3 | FPS ==> (73.508)
video 1/1 (608/1303) data/samples/c_test.mp4: Pruned 50% YOLOv3 | FPS ==> (73.838)
video 1/1 (609/1303) data/samples/c_test.mp4: Pruned 50% YOLOv3 | FPS ==> (81.760)
video 1/1 (610/1303) data/samples/c_test.mp4: Pruned 50% YOLOv3 | FPS ==> (82.447)
video 1/1 (611/1303) data/samples/c_test.mp4: Pruned 50% YOLOv3 | FPS ==> (79.344)
video 1/1 (612/1303) data/samples/c_test.mp4: Pruned 50% YOLOv3 | FPS ==> (76.936)
video 1/1 (613/1303) data/samples/c_test.mp4: Pruned 50% YOLOv3 | FPS ==> (78.411)
video 1/1 (614/1303) data/samples/c_test.mp4: Pruned 50% YOLOv3 | FPS ==> (86.028)
video 1/1 (615/1303) data/samples/c_test.mp4: Pruned 50% YOLOv3 | FPS ==> (80.257)
video 1/1 (616/1303) data/samples/c_test.mp4: Pruned 50% YOLOv3 | FPS ==> (78.391)
video 1/1 (617/1303) data/samples/c_test.mp4: Pruned 50% YOLOv3 | FPS ==> (76.185)
video 1/1 (618/1303) data/samples/c_test.mp4: Pruned 50% YOLOv3 | FPS ==> (69.916)
video 1/1 (619/1303) data/samples/c_test.mp4: Pruned 50% YOLOv3 | FPS ==> (80.318)
video 1/1 (620/1303) data/samples/c_test.mp4: Pruned 50% YOLOv3 | FPS ==> (94.284)
video 1/1 (621/1303) data/samples/c_test.mp4: Pruned 50% YOLOv3 | FPS ==> (86.479)
video 1/1 (622/1303) data/samples/c_test.mp4: Pruned 50% YOLOv3 | FPS ==> (85.424)
video 1/1 (623/1303) data/samples/c_test.mp4: Pruned 50% YOLOv3 | FPS ==> (81.904)
video 1/1 (624/1303) data/samples/c_test.mp4: Pruned 50% YOLOv3 | FPS ==> (86.431)
video 1/1 (625/1303) data/samples/c_test.mp4: Pruned 50% YOLOv3 | FPS ==> (84.483)
video 1/1 (626/1303) data/samples/c_test.mp4: Pruned 50% YOLOv3 | FPS ==> (91.135)
video 1/1 (627/1303) data/samples/c_test.mp4: Pruned 50% YOLOv3 | FPS ==> (88.885)
video 1/1 (628/1303) data/samples/c_test.mp4: Pruned 50% YOLOv3 | FPS ==> (87.865)
video 1/1 (629/1303) data/samples/c_test.mp4: Pruned 50% YOLOv3 | FPS ==> (86.495)
video 1/1 (630/1303) data/samples/c_test.mp4: Pruned 50% YOLOv3 | FPS ==> (82.828)
video 1/1 (631/1303) data/samples/c_test.mp4: Pruned 50% YOLOv3 | FPS ==> (86.538)
video 1/1 (632/1303) data/samples/c_test.mp4: Pruned 50% YOLOv3 | FPS ==> (81.224)
video 1/1 (633/1303) data/samples/c_test.mp4: Pruned 50% YOLOv3 | FPS ==> (85.894)
video 1/1 (634/1303) data/samples/c_test.mp4: Pruned 50% YOLOv3 | FPS ==> (81.684)
video 1/1 (635/1303) data/samples/c_test.mp4: Pruned 50% YOLOv3 | FPS ==> (82.779)
video 1/1 (636/1303) data/samples/c_test.mp4: Pruned 50% YOLOv3 | FPS ==> (79.987)
video 1/1 (637/1303) data/samples/c_test.mp4: Pruned 50% YOLOv3 | FPS ==> (84.340)
video 1/1 (638/1303) data/samples/c_test.mp4: Pruned 50% YOLOv3 | FPS ==> (81.183)
video 1/1 (639/1303) data/samples/c_test.mp4: Pruned 50% YOLOv3 | FPS ==> (80.110)
video 1/1 (640/1303) data/samples/c_test.mp4: Pruned 50% YOLOv3 | FPS ==> (82.885)
video 1/1 (641/1303) data/samples/c_test.mp4: Pruned 50% YOLOv3 | FPS ==> (82.146)
video 1/1 (642/1303) data/samples/c_test.mp4: Pruned 50% YOLOv3 | FPS ==> (73.697)
video 1/1 (643/1303) data/samples/c_test.mp4: Pruned 50% YOLOv3 | FPS ==> (78.464)
video 1/1 (644/1303) data/samples/c_test.mp4: Pruned 50% YOLOv3 | FPS ==> (83.103)
video 1/1 (645/1303) data/samples/c_test.mp4: Pruned 50% YOLOv3 | FPS ==> (82.865)
video 1/1 (646/1303) data/samples/c_test.mp4: Pruned 50% YOLOv3 | FPS ==> (78.566)
video 1/1 (647/1303) data/samples/c_test.mp4: Pruned 50% YOLOv3 | FPS ==> (72.592)
video 1/1 (648/1303) data/samples/c_test.mp4: Pruned 50% YOLOv3 | FPS ==> (72.714)
video 1/1 (649/1303) data/samples/c_test.mp4: Pruned 50% YOLOv3 | FPS ==> (67.046)
video 1/1 (650/1303) data/samples/c_test.mp4: Pruned 50% YOLOv3 | FPS ==> (79.637)
video 1/1 (651/1303) data/samples/c_test.mp4: Pruned 50% YOLOv3 | FPS ==> (77.096)
video 1/1 (652/1303) data/samples/c_test.mp4: Pruned 50% YOLOv3 | FPS ==> (78.334)
video 1/1 (653/1303) data/samples/c_test.mp4: Pruned 50% YOLOv3 | FPS ==> (75.095)
video 1/1 (654/1303) data/samples/c_test.mp4: Pruned 50% YOLOv3 | FPS ==> (73.074)
video 1/1 (655/1303) data/samples/c_test.mp4: Pruned 50% YOLOv3 | FPS ==> (75.689)
video 1/1 (656/1303) data/samples/c_test.mp4: Pruned 50% YOLOv3 | FPS ==> (77.681)
video 1/1 (657/1303) data/samples/c_test.mp4: Pruned 50% YOLOv3 | FPS ==> (75.113)
video 1/1 (658/1303) data/samples/c_test.mp4: Pruned 50% YOLOv3 | FPS ==> (75.565)
video 1/1 (659/1303) data/samples/c_test.mp4: Pruned 50% YOLOv3 | FPS ==> (72.770)
video 1/1 (660/1303) data/samples/c_test.mp4: Pruned 50% YOLOv3 | FPS ==> (77.219)
video 1/1 (661/1303) data/samples/c_test.mp4: Pruned 50% YOLOv3 | FPS ==> (73.280)
video 1/1 (662/1303) data/samples/c_test.mp4: Pruned 50% YOLOv3 | FPS ==> (79.433)
video 1/1 (663/1303) data/samples/c_test.mp4: Pruned 50% YOLOv3 | FPS ==> (74.358)
video 1/1 (664/1303) data/samples/c_test.mp4: Pruned 50% YOLOv3 | FPS ==> (80.616)
video 1/1 (665/1303) data/samples/c_test.mp4: Pruned 50% YOLOv3 | FPS ==> (76.017)
video 1/1 (666/1303) data/samples/c_test.mp4: Pruned 50% YOLOv3 | FPS ==> (74.051)
video 1/1 (667/1303) data/samples/c_test.mp4: Pruned 50% YOLOv3 | FPS ==> (69.878)
video 1/1 (668/1303) data/samples/c_test.mp4: Pruned 50% YOLOv3 | FPS ==> (72.980)
video 1/1 (669/1303) data/samples/c_test.mp4: Pruned 50% YOLOv3 | FPS ==> (68.896)
video 1/1 (670/1303) data/samples/c_test.mp4: Pruned 50% YOLOv3 | FPS ==> (73.186)
video 1/1 (671/1303) data/samples/c_test.mp4: Pruned 50% YOLOv3 | FPS ==> (68.786)
video 1/1 (672/1303) data/samples/c_test.mp4: Pruned 50% YOLOv3 | FPS ==> (66.141)
video 1/1 (673/1303) data/samples/c_test.mp4: Pruned 50% YOLOv3 | FPS ==> (70.351)
video 1/1 (674/1303) data/samples/c_test.mp4: Pruned 50% YOLOv3 | FPS ==> (77.047)
video 1/1 (675/1303) data/samples/c_test.mp4: Pruned 50% YOLOv3 | FPS ==> (76.748)
video 1/1 (676/1303) data/samples/c_test.mp4: Pruned 50% YOLOv3 | FPS ==> (76.123)
video 1/1 (677/1303) data/samples/c_test.mp4: Pruned 50% YOLOv3 | FPS ==> (84.455)
video 1/1 (678/1303) data/samples/c_test.mp4: Pruned 50% YOLOv3 | FPS ==> (85.481)
video 1/1 (679/1303) data/samples/c_test.mp4: Pruned 50% YOLOv3 | FPS ==> (86.898)
video 1/1 (680/1303) data/samples/c_test.mp4: Pruned 50% YOLOv3 | FPS ==> (87.142)
video 1/1 (681/1303) data/samples/c_test.mp4: Pruned 50% YOLOv3 | FPS ==> (83.893)
video 1/1 (682/1303) data/samples/c_test.mp4: Pruned 50% YOLOv3 | FPS ==> (82.421)
video 1/1 (683/1303) data/samples/c_test.mp4: Pruned 50% YOLOv3 | FPS ==> (81.604)
video 1/1 (684/1303) data/samples/c_test.mp4: Pruned 50% YOLOv3 | FPS ==> (74.648)
video 1/1 (685/1303) data/samples/c_test.mp4: Pruned 50% YOLOv3 | FPS ==> (85.603)
video 1/1 (686/1303) data/samples/c_test.mp4: Pruned 50% YOLOv3 | FPS ==> (67.777)
video 1/1 (687/1303) data/samples/c_test.mp4: Pruned 50% YOLOv3 | FPS ==> (83.625)
video 1/1 (688/1303) data/samples/c_test.mp4: Pruned 50% YOLOv3 | FPS ==> (86.301)
video 1/1 (689/1303) data/samples/c_test.mp4: Pruned 50% YOLOv3 | FPS ==> (76.912)
video 1/1 (690/1303) data/samples/c_test.mp4: Pruned 50% YOLOv3 | FPS ==> (75.770)
video 1/1 (691/1303) data/samples/c_test.mp4: Pruned 50% YOLOv3 | FPS ==> (74.270)
video 1/1 (692/1303) data/samples/c_test.mp4: Pruned 50% YOLOv3 | FPS ==> (74.926)
video 1/1 (693/1303) data/samples/c_test.mp4: Pruned 50% YOLOv3 | FPS ==> (75.447)
video 1/1 (694/1303) data/samples/c_test.mp4: Pruned 50% YOLOv3 | FPS ==> (77.659)
video 1/1 (695/1303) data/samples/c_test.mp4: Pruned 50% YOLOv3 | FPS ==> (79.457)
video 1/1 (696/1303) data/samples/c_test.mp4: Pruned 50% YOLOv3 | FPS ==> (81.482)
video 1/1 (697/1303) data/samples/c_test.mp4: Pruned 50% YOLOv3 | FPS ==> (82.304)
video 1/1 (698/1303) data/samples/c_test.mp4: Pruned 50% YOLOv3 | FPS ==> (81.600)
video 1/1 (699/1303) data/samples/c_test.mp4: Pruned 50% YOLOv3 | FPS ==> (81.280)
video 1/1 (700/1303) data/samples/c_test.mp4: Pruned 50% YOLOv3 | FPS ==> (80.896)
video 1/1 (701/1303) data/samples/c_test.mp4: Pruned 50% YOLOv3 | FPS ==> (80.829)
video 1/1 (702/1303) data/samples/c_test.mp4: Pruned 50% YOLOv3 | FPS ==> (84.433)
video 1/1 (703/1303) data/samples/c_test.mp4: Pruned 50% YOLOv3 | FPS ==> (87.021)
video 1/1 (704/1303) data/samples/c_test.mp4: Pruned 50% YOLOv3 | FPS ==> (82.270)
video 1/1 (705/1303) data/samples/c_test.mp4: Pruned 50% YOLOv3 | FPS ==> (83.894)
video 1/1 (706/1303) data/samples/c_test.mp4: Pruned 50% YOLOv3 | FPS ==> (82.537)
video 1/1 (707/1303) data/samples/c_test.mp4: Pruned 50% YOLOv3 | FPS ==> (85.337)
video 1/1 (708/1303) data/samples/c_test.mp4: Pruned 50% YOLOv3 | FPS ==> (83.392)
video 1/1 (709/1303) data/samples/c_test.mp4: Pruned 50% YOLOv3 | FPS ==> (75.512)
video 1/1 (710/1303) data/samples/c_test.mp4: Pruned 50% YOLOv3 | FPS ==> (79.962)
video 1/1 (711/1303) data/samples/c_test.mp4: Pruned 50% YOLOv3 | FPS ==> (87.936)
video 1/1 (712/1303) data/samples/c_test.mp4: Pruned 50% YOLOv3 | FPS ==> (87.374)
video 1/1 (713/1303) data/samples/c_test.mp4: Pruned 50% YOLOv3 | FPS ==> (84.609)
video 1/1 (714/1303) data/samples/c_test.mp4: Pruned 50% YOLOv3 | FPS ==> (79.579)
video 1/1 (715/1303) data/samples/c_test.mp4: Pruned 50% YOLOv3 | FPS ==> (86.104)
video 1/1 (716/1303) data/samples/c_test.mp4: Pruned 50% YOLOv3 | FPS ==> (87.006)
video 1/1 (717/1303) data/samples/c_test.mp4: Pruned 50% YOLOv3 | FPS ==> (88.346)
video 1/1 (718/1303) data/samples/c_test.mp4: Pruned 50% YOLOv3 | FPS ==> (82.568)
video 1/1 (719/1303) data/samples/c_test.mp4: Pruned 50% YOLOv3 | FPS ==> (84.609)
video 1/1 (720/1303) data/samples/c_test.mp4: Pruned 50% YOLOv3 | FPS ==> (84.231)
video 1/1 (721/1303) data/samples/c_test.mp4: Pruned 50% YOLOv3 | FPS ==> (87.113)
video 1/1 (722/1303) data/samples/c_test.mp4: Pruned 50% YOLOv3 | FPS ==> (83.520)
video 1/1 (723/1303) data/samples/c_test.mp4: Pruned 50% YOLOv3 | FPS ==> (80.846)
video 1/1 (724/1303) data/samples/c_test.mp4: Pruned 50% YOLOv3 | FPS ==> (80.281)
video 1/1 (725/1303) data/samples/c_test.mp4: Pruned 50% YOLOv3 | FPS ==> (79.077)
video 1/1 (726/1303) data/samples/c_test.mp4: Pruned 50% YOLOv3 | FPS ==> (79.585)
video 1/1 (727/1303) data/samples/c_test.mp4: Pruned 50% YOLOv3 | FPS ==> (76.585)
video 1/1 (728/1303) data/samples/c_test.mp4: Pruned 50% YOLOv3 | FPS ==> (79.699)
video 1/1 (729/1303) data/samples/c_test.mp4: Pruned 50% YOLOv3 | FPS ==> (80.643)
video 1/1 (730/1303) data/samples/c_test.mp4: Pruned 50% YOLOv3 | FPS ==> (79.268)
video 1/1 (731/1303) data/samples/c_test.mp4: Pruned 50% YOLOv3 | FPS ==> (74.010)
video 1/1 (732/1303) data/samples/c_test.mp4: Pruned 50% YOLOv3 | FPS ==> (75.664)
video 1/1 (733/1303) data/samples/c_test.mp4: Pruned 50% YOLOv3 | FPS ==> (82.529)
video 1/1 (734/1303) data/samples/c_test.mp4: Pruned 50% YOLOv3 | FPS ==> (80.829)
video 1/1 (735/1303) data/samples/c_test.mp4: Pruned 50% YOLOv3 | FPS ==> (87.866)
video 1/1 (736/1303) data/samples/c_test.mp4: Pruned 50% YOLOv3 | FPS ==> (75.490)
video 1/1 (737/1303) data/samples/c_test.mp4: Pruned 50% YOLOv3 | FPS ==> (75.966)
video 1/1 (738/1303) data/samples/c_test.mp4: Pruned 50% YOLOv3 | FPS ==> (84.430)
video 1/1 (739/1303) data/samples/c_test.mp4: Pruned 50% YOLOv3 | FPS ==> (81.601)
video 1/1 (740/1303) data/samples/c_test.mp4: Pruned 50% YOLOv3 | FPS ==> (85.292)
video 1/1 (741/1303) data/samples/c_test.mp4: Pruned 50% YOLOv3 | FPS ==> (88.862)
video 1/1 (742/1303) data/samples/c_test.mp4: Pruned 50% YOLOv3 | FPS ==> (76.245)
video 1/1 (743/1303) data/samples/c_test.mp4: Pruned 50% YOLOv3 | FPS ==> (80.573)
video 1/1 (744/1303) data/samples/c_test.mp4: Pruned 50% YOLOv3 | FPS ==> (81.974)
video 1/1 (745/1303) data/samples/c_test.mp4: Pruned 50% YOLOv3 | FPS ==> (82.677)
video 1/1 (746/1303) data/samples/c_test.mp4: Pruned 50% YOLOv3 | FPS ==> (83.889)
video 1/1 (747/1303) data/samples/c_test.mp4: Pruned 50% YOLOv3 | FPS ==> (81.389)
video 1/1 (748/1303) data/samples/c_test.mp4: Pruned 50% YOLOv3 | FPS ==> (85.708)
video 1/1 (749/1303) data/samples/c_test.mp4: Pruned 50% YOLOv3 | FPS ==> (81.885)
video 1/1 (750/1303) data/samples/c_test.mp4: Pruned 50% YOLOv3 | FPS ==> (83.242)
video 1/1 (751/1303) data/samples/c_test.mp4: Pruned 50% YOLOv3 | FPS ==> (101.051)
video 1/1 (752/1303) data/samples/c_test.mp4: Pruned 50% YOLOv3 | FPS ==> (102.315)
video 1/1 (753/1303) data/samples/c_test.mp4: Pruned 50% YOLOv3 | FPS ==> (101.895)
video 1/1 (754/1303) data/samples/c_test.mp4: Pruned 50% YOLOv3 | FPS ==> (94.415)
video 1/1 (755/1303) data/samples/c_test.mp4: Pruned 50% YOLOv3 | FPS ==> (101.080)
video 1/1 (756/1303) data/samples/c_test.mp4: Pruned 50% YOLOv3 | FPS ==> (97.298)
video 1/1 (757/1303) data/samples/c_test.mp4: Pruned 50% YOLOv3 | FPS ==> (93.443)
video 1/1 (758/1303) data/samples/c_test.mp4: Pruned 50% YOLOv3 | FPS ==> (96.219)
video 1/1 (759/1303) data/samples/c_test.mp4: Pruned 50% YOLOv3 | FPS ==> (98.859)
video 1/1 (760/1303) data/samples/c_test.mp4: Pruned 50% YOLOv3 | FPS ==> (90.328)
video 1/1 (761/1303) data/samples/c_test.mp4: Pruned 50% YOLOv3 | FPS ==> (88.333)
video 1/1 (762/1303) data/samples/c_test.mp4: Pruned 50% YOLOv3 | FPS ==> (85.093)
video 1/1 (763/1303) data/samples/c_test.mp4: Pruned 50% YOLOv3 | FPS ==> (97.633)
video 1/1 (764/1303) data/samples/c_test.mp4: Pruned 50% YOLOv3 | FPS ==> (94.496)
video 1/1 (765/1303) data/samples/c_test.mp4: Pruned 50% YOLOv3 | FPS ==> (97.093)
video 1/1 (766/1303) data/samples/c_test.mp4: Pruned 50% YOLOv3 | FPS ==> (95.999)
video 1/1 (767/1303) data/samples/c_test.mp4: Pruned 50% YOLOv3 | FPS ==> (96.443)
video 1/1 (768/1303) data/samples/c_test.mp4: Pruned 50% YOLOv3 | FPS ==> (94.068)
video 1/1 (769/1303) data/samples/c_test.mp4: Pruned 50% YOLOv3 | FPS ==> (96.732)
video 1/1 (770/1303) data/samples/c_test.mp4: Pruned 50% YOLOv3 | FPS ==> (92.023)
video 1/1 (771/1303) data/samples/c_test.mp4: Pruned 50% YOLOv3 | FPS ==> (92.463)
video 1/1 (772/1303) data/samples/c_test.mp4: Pruned 50% YOLOv3 | FPS ==> (96.654)
video 1/1 (773/1303) data/samples/c_test.mp4: Pruned 50% YOLOv3 | FPS ==> (96.403)
video 1/1 (774/1303) data/samples/c_test.mp4: Pruned 50% YOLOv3 | FPS ==> (98.613)
video 1/1 (775/1303) data/samples/c_test.mp4: Pruned 50% YOLOv3 | FPS ==> (94.186)
video 1/1 (776/1303) data/samples/c_test.mp4: Pruned 50% YOLOv3 | FPS ==> (96.496)
video 1/1 (777/1303) data/samples/c_test.mp4: Pruned 50% YOLOv3 | FPS ==> (97.646)
video 1/1 (778/1303) data/samples/c_test.mp4: Pruned 50% YOLOv3 | FPS ==> (101.496)
video 1/1 (779/1303) data/samples/c_test.mp4: Pruned 50% YOLOv3 | FPS ==> (91.517)
video 1/1 (780/1303) data/samples/c_test.mp4: Pruned 50% YOLOv3 | FPS ==> (89.336)
video 1/1 (781/1303) data/samples/c_test.mp4: Pruned 50% YOLOv3 | FPS ==> (90.560)
video 1/1 (782/1303) data/samples/c_test.mp4: Pruned 50% YOLOv3 | FPS ==> (98.299)
video 1/1 (783/1303) data/samples/c_test.mp4: Pruned 50% YOLOv3 | FPS ==> (83.572)
video 1/1 (784/1303) data/samples/c_test.mp4: Pruned 50% YOLOv3 | FPS ==> (80.218)
video 1/1 (785/1303) data/samples/c_test.mp4: Pruned 50% YOLOv3 | FPS ==> (81.942)
video 1/1 (786/1303) data/samples/c_test.mp4: Pruned 50% YOLOv3 | FPS ==> (85.584)
video 1/1 (787/1303) data/samples/c_test.mp4: Pruned 50% YOLOv3 | FPS ==> (96.523)
video 1/1 (788/1303) data/samples/c_test.mp4: Pruned 50% YOLOv3 | FPS ==> (95.174)
video 1/1 (789/1303) data/samples/c_test.mp4: Pruned 50% YOLOv3 | FPS ==> (91.439)
video 1/1 (790/1303) data/samples/c_test.mp4: Pruned 50% YOLOv3 | FPS ==> (90.066)
video 1/1 (791/1303) data/samples/c_test.mp4: Pruned 50% YOLOv3 | FPS ==> (89.505)
video 1/1 (792/1303) data/samples/c_test.mp4: Pruned 50% YOLOv3 | FPS ==> (86.251)
video 1/1 (793/1303) data/samples/c_test.mp4: Pruned 50% YOLOv3 | FPS ==> (91.101)
video 1/1 (794/1303) data/samples/c_test.mp4: Pruned 50% YOLOv3 | FPS ==> (94.806)
video 1/1 (795/1303) data/samples/c_test.mp4: Pruned 50% YOLOv3 | FPS ==> (94.182)
video 1/1 (796/1303) data/samples/c_test.mp4: Pruned 50% YOLOv3 | FPS ==> (89.825)
video 1/1 (797/1303) data/samples/c_test.mp4: Pruned 50% YOLOv3 | FPS ==> (94.288)
video 1/1 (798/1303) data/samples/c_test.mp4: Pruned 50% YOLOv3 | FPS ==> (80.702)
video 1/1 (799/1303) data/samples/c_test.mp4: Pruned 50% YOLOv3 | FPS ==> (90.016)
video 1/1 (800/1303) data/samples/c_test.mp4: Pruned 50% YOLOv3 | FPS ==> (95.660)
video 1/1 (801/1303) data/samples/c_test.mp4: Pruned 50% YOLOv3 | FPS ==> (91.453)
video 1/1 (802/1303) data/samples/c_test.mp4: Pruned 50% YOLOv3 | FPS ==> (90.971)
video 1/1 (803/1303) data/samples/c_test.mp4: Pruned 50% YOLOv3 | FPS ==> (101.609)
video 1/1 (804/1303) data/samples/c_test.mp4: Pruned 50% YOLOv3 | FPS ==> (99.637)
video 1/1 (805/1303) data/samples/c_test.mp4: Pruned 50% YOLOv3 | FPS ==> (101.803)
video 1/1 (806/1303) data/samples/c_test.mp4: Pruned 50% YOLOv3 | FPS ==> (100.237)
video 1/1 (807/1303) data/samples/c_test.mp4: Pruned 50% YOLOv3 | FPS ==> (97.162)
video 1/1 (808/1303) data/samples/c_test.mp4: Pruned 50% YOLOv3 | FPS ==> (98.525)
video 1/1 (809/1303) data/samples/c_test.mp4: Pruned 50% YOLOv3 | FPS ==> (99.098)
video 1/1 (810/1303) data/samples/c_test.mp4: Pruned 50% YOLOv3 | FPS ==> (100.725)
video 1/1 (811/1303) data/samples/c_test.mp4: Pruned 50% YOLOv3 | FPS ==> (101.116)
video 1/1 (812/1303) data/samples/c_test.mp4: Pruned 50% YOLOv3 | FPS ==> (98.037)
video 1/1 (813/1303) data/samples/c_test.mp4: Pruned 50% YOLOv3 | FPS ==> (100.779)
video 1/1 (814/1303) data/samples/c_test.mp4: Pruned 50% YOLOv3 | FPS ==> (101.442)
video 1/1 (815/1303) data/samples/c_test.mp4: Pruned 50% YOLOv3 | FPS ==> (108.833)
video 1/1 (816/1303) data/samples/c_test.mp4: Pruned 50% YOLOv3 | FPS ==> (101.569)
video 1/1 (817/1303) data/samples/c_test.mp4: Pruned 50% YOLOv3 | FPS ==> (95.036)
video 1/1 (818/1303) data/samples/c_test.mp4: Pruned 50% YOLOv3 | FPS ==> (98.211)
video 1/1 (819/1303) data/samples/c_test.mp4: Pruned 50% YOLOv3 | FPS ==> (99.281)
video 1/1 (820/1303) data/samples/c_test.mp4: Pruned 50% YOLOv3 | FPS ==> (95.870)
video 1/1 (821/1303) data/samples/c_test.mp4: Pruned 50% YOLOv3 | FPS ==> (94.500)
video 1/1 (822/1303) data/samples/c_test.mp4: Pruned 50% YOLOv3 | FPS ==> (99.144)
video 1/1 (823/1303) data/samples/c_test.mp4: Pruned 50% YOLOv3 | FPS ==> (95.841)
video 1/1 (824/1303) data/samples/c_test.mp4: Pruned 50% YOLOv3 | FPS ==> (98.294)
video 1/1 (825/1303) data/samples/c_test.mp4: Pruned 50% YOLOv3 | FPS ==> (94.896)
video 1/1 (826/1303) data/samples/c_test.mp4: Pruned 50% YOLOv3 | FPS ==> (92.108)
video 1/1 (827/1303) data/samples/c_test.mp4: Pruned 50% YOLOv3 | FPS ==> (96.178)
video 1/1 (828/1303) data/samples/c_test.mp4: Pruned 50% YOLOv3 | FPS ==> (95.800)
video 1/1 (829/1303) data/samples/c_test.mp4: Pruned 50% YOLOv3 | FPS ==> (96.621)
video 1/1 (830/1303) data/samples/c_test.mp4: Pruned 50% YOLOv3 | FPS ==> (93.277)
video 1/1 (831/1303) data/samples/c_test.mp4: Pruned 50% YOLOv3 | FPS ==> (91.224)
video 1/1 (832/1303) data/samples/c_test.mp4: Pruned 50% YOLOv3 | FPS ==> (101.957)
video 1/1 (833/1303) data/samples/c_test.mp4: Pruned 50% YOLOv3 | FPS ==> (102.335)
video 1/1 (834/1303) data/samples/c_test.mp4: Pruned 50% YOLOv3 | FPS ==> (103.237)
video 1/1 (835/1303) data/samples/c_test.mp4: Pruned 50% YOLOv3 | FPS ==> (98.692)
video 1/1 (836/1303) data/samples/c_test.mp4: Pruned 50% YOLOv3 | FPS ==> (92.559)
video 1/1 (837/1303) data/samples/c_test.mp4: Pruned 50% YOLOv3 | FPS ==> (96.430)
video 1/1 (838/1303) data/samples/c_test.mp4: Pruned 50% YOLOv3 | FPS ==> (95.949)
video 1/1 (839/1303) data/samples/c_test.mp4: Pruned 50% YOLOv3 | FPS ==> (97.225)
video 1/1 (840/1303) data/samples/c_test.mp4: Pruned 50% YOLOv3 | FPS ==> (99.116)
video 1/1 (841/1303) data/samples/c_test.mp4: Pruned 50% YOLOv3 | FPS ==> (97.135)
video 1/1 (842/1303) data/samples/c_test.mp4: Pruned 50% YOLOv3 | FPS ==> (101.838)
video 1/1 (843/1303) data/samples/c_test.mp4: Pruned 50% YOLOv3 | FPS ==> (101.500)
video 1/1 (844/1303) data/samples/c_test.mp4: Pruned 50% YOLOv3 | FPS ==> (100.842)
video 1/1 (845/1303) data/samples/c_test.mp4: Pruned 50% YOLOv3 | FPS ==> (96.006)
video 1/1 (846/1303) data/samples/c_test.mp4: Pruned 50% YOLOv3 | FPS ==> (92.199)
video 1/1 (847/1303) data/samples/c_test.mp4: Pruned 50% YOLOv3 | FPS ==> (94.390)
video 1/1 (848/1303) data/samples/c_test.mp4: Pruned 50% YOLOv3 | FPS ==> (90.639)
video 1/1 (849/1303) data/samples/c_test.mp4: Pruned 50% YOLOv3 | FPS ==> (97.931)
video 1/1 (850/1303) data/samples/c_test.mp4: Pruned 50% YOLOv3 | FPS ==> (95.712)
video 1/1 (851/1303) data/samples/c_test.mp4: Pruned 50% YOLOv3 | FPS ==> (98.971)
video 1/1 (852/1303) data/samples/c_test.mp4: Pruned 50% YOLOv3 | FPS ==> (97.340)
video 1/1 (853/1303) data/samples/c_test.mp4: Pruned 50% YOLOv3 | FPS ==> (95.070)
video 1/1 (854/1303) data/samples/c_test.mp4: Pruned 50% YOLOv3 | FPS ==> (95.638)
video 1/1 (855/1303) data/samples/c_test.mp4: Pruned 50% YOLOv3 | FPS ==> (101.653)
video 1/1 (856/1303) data/samples/c_test.mp4: Pruned 50% YOLOv3 | FPS ==> (133.060)
video 1/1 (857/1303) data/samples/c_test.mp4: Pruned 50% YOLOv3 | FPS ==> (135.161)
video 1/1 (858/1303) data/samples/c_test.mp4: Pruned 50% YOLOv3 | FPS ==> (70.585)
video 1/1 (859/1303) data/samples/c_test.mp4: Pruned 50% YOLOv3 | FPS ==> (69.683)
video 1/1 (860/1303) data/samples/c_test.mp4: Pruned 50% YOLOv3 | FPS ==> (101.616)
video 1/1 (861/1303) data/samples/c_test.mp4: Pruned 50% YOLOv3 | FPS ==> (101.138)
video 1/1 (862/1303) data/samples/c_test.mp4: Pruned 50% YOLOv3 | FPS ==> (92.253)
video 1/1 (863/1303) data/samples/c_test.mp4: Pruned 50% YOLOv3 | FPS ==> (101.665)
video 1/1 (864/1303) data/samples/c_test.mp4: Pruned 50% YOLOv3 | FPS ==> (102.106)
video 1/1 (865/1303) data/samples/c_test.mp4: Pruned 50% YOLOv3 | FPS ==> (89.098)
video 1/1 (866/1303) data/samples/c_test.mp4: Pruned 50% YOLOv3 | FPS ==> (97.594)
video 1/1 (867/1303) data/samples/c_test.mp4: Pruned 50% YOLOv3 | FPS ==> (100.405)
video 1/1 (868/1303) data/samples/c_test.mp4: Pruned 50% YOLOv3 | FPS ==> (95.997)
video 1/1 (869/1303) data/samples/c_test.mp4: Pruned 50% YOLOv3 | FPS ==> (88.299)
video 1/1 (870/1303) data/samples/c_test.mp4: Pruned 50% YOLOv3 | FPS ==> (86.749)
video 1/1 (871/1303) data/samples/c_test.mp4: Pruned 50% YOLOv3 | FPS ==> (93.066)
video 1/1 (872/1303) data/samples/c_test.mp4: Pruned 50% YOLOv3 | FPS ==> (92.780)
video 1/1 (873/1303) data/samples/c_test.mp4: Pruned 50% YOLOv3 | FPS ==> (76.481)
video 1/1 (874/1303) data/samples/c_test.mp4: Pruned 50% YOLOv3 | FPS ==> (75.745)
video 1/1 (875/1303) data/samples/c_test.mp4: Pruned 50% YOLOv3 | FPS ==> (80.685)
video 1/1 (876/1303) data/samples/c_test.mp4: Pruned 50% YOLOv3 | FPS ==> (75.626)
video 1/1 (877/1303) data/samples/c_test.mp4: Pruned 50% YOLOv3 | FPS ==> (88.264)
video 1/1 (878/1303) data/samples/c_test.mp4: Pruned 50% YOLOv3 | FPS ==> (91.379)
video 1/1 (879/1303) data/samples/c_test.mp4: Pruned 50% YOLOv3 | FPS ==> (90.747)
video 1/1 (880/1303) data/samples/c_test.mp4: Pruned 50% YOLOv3 | FPS ==> (84.893)
video 1/1 (881/1303) data/samples/c_test.mp4: Pruned 50% YOLOv3 | FPS ==> (83.674)
video 1/1 (882/1303) data/samples/c_test.mp4: Pruned 50% YOLOv3 | FPS ==> (85.176)
video 1/1 (883/1303) data/samples/c_test.mp4: Pruned 50% YOLOv3 | FPS ==> (85.027)
video 1/1 (884/1303) data/samples/c_test.mp4: Pruned 50% YOLOv3 | FPS ==> (90.861)
video 1/1 (885/1303) data/samples/c_test.mp4: Pruned 50% YOLOv3 | FPS ==> (92.422)
video 1/1 (886/1303) data/samples/c_test.mp4: Pruned 50% YOLOv3 | FPS ==> (95.973)
video 1/1 (887/1303) data/samples/c_test.mp4: Pruned 50% YOLOv3 | FPS ==> (93.118)
video 1/1 (888/1303) data/samples/c_test.mp4: Pruned 50% YOLOv3 | FPS ==> (93.281)
video 1/1 (889/1303) data/samples/c_test.mp4: Pruned 50% YOLOv3 | FPS ==> (92.093)
video 1/1 (890/1303) data/samples/c_test.mp4: Pruned 50% YOLOv3 | FPS ==> (98.560)
video 1/1 (891/1303) data/samples/c_test.mp4: Pruned 50% YOLOv3 | FPS ==> (95.247)
video 1/1 (892/1303) data/samples/c_test.mp4: Pruned 50% YOLOv3 | FPS ==> (86.085)
video 1/1 (893/1303) data/samples/c_test.mp4: Pruned 50% YOLOv3 | FPS ==> (89.725)
video 1/1 (894/1303) data/samples/c_test.mp4: Pruned 50% YOLOv3 | FPS ==> (83.389)
video 1/1 (895/1303) data/samples/c_test.mp4: Pruned 50% YOLOv3 | FPS ==> (92.195)
video 1/1 (896/1303) data/samples/c_test.mp4: Pruned 50% YOLOv3 | FPS ==> (98.499)
video 1/1 (897/1303) data/samples/c_test.mp4: Pruned 50% YOLOv3 | FPS ==> (87.325)
video 1/1 (898/1303) data/samples/c_test.mp4: Pruned 50% YOLOv3 | FPS ==> (87.916)
video 1/1 (899/1303) data/samples/c_test.mp4: Pruned 50% YOLOv3 | FPS ==> (91.153)
video 1/1 (900/1303) data/samples/c_test.mp4: Pruned 50% YOLOv3 | FPS ==> (87.551)
video 1/1 (901/1303) data/samples/c_test.mp4: Pruned 50% YOLOv3 | FPS ==> (72.020)
video 1/1 (902/1303) data/samples/c_test.mp4: Pruned 50% YOLOv3 | FPS ==> (93.321)
video 1/1 (903/1303) data/samples/c_test.mp4: Pruned 50% YOLOv3 | FPS ==> (93.883)
video 1/1 (904/1303) data/samples/c_test.mp4: Pruned 50% YOLOv3 | FPS ==> (87.341)
video 1/1 (905/1303) data/samples/c_test.mp4: Pruned 50% YOLOv3 | FPS ==> (87.312)
video 1/1 (906/1303) data/samples/c_test.mp4: Pruned 50% YOLOv3 | FPS ==> (90.047)
video 1/1 (907/1303) data/samples/c_test.mp4: Pruned 50% YOLOv3 | FPS ==> (90.752)
video 1/1 (908/1303) data/samples/c_test.mp4: Pruned 50% YOLOv3 | FPS ==> (95.931)
video 1/1 (909/1303) data/samples/c_test.mp4: Pruned 50% YOLOv3 | FPS ==> (100.747)
video 1/1 (910/1303) data/samples/c_test.mp4: Pruned 50% YOLOv3 | FPS ==> (91.089)
video 1/1 (911/1303) data/samples/c_test.mp4: Pruned 50% YOLOv3 | FPS ==> (91.159)
video 1/1 (912/1303) data/samples/c_test.mp4: Pruned 50% YOLOv3 | FPS ==> (92.563)
video 1/1 (913/1303) data/samples/c_test.mp4: Pruned 50% YOLOv3 | FPS ==> (88.609)
video 1/1 (914/1303) data/samples/c_test.mp4: Pruned 50% YOLOv3 | FPS ==> (88.893)
video 1/1 (915/1303) data/samples/c_test.mp4: Pruned 50% YOLOv3 | FPS ==> (89.233)
video 1/1 (916/1303) data/samples/c_test.mp4: Pruned 50% YOLOv3 | FPS ==> (95.217)
video 1/1 (917/1303) data/samples/c_test.mp4: Pruned 50% YOLOv3 | FPS ==> (94.887)
video 1/1 (918/1303) data/samples/c_test.mp4: Pruned 50% YOLOv3 | FPS ==> (98.915)
video 1/1 (919/1303) data/samples/c_test.mp4: Pruned 50% YOLOv3 | FPS ==> (97.897)
video 1/1 (920/1303) data/samples/c_test.mp4: Pruned 50% YOLOv3 | FPS ==> (86.993)
video 1/1 (921/1303) data/samples/c_test.mp4: Pruned 50% YOLOv3 | FPS ==> (96.786)
video 1/1 (922/1303) data/samples/c_test.mp4: Pruned 50% YOLOv3 | FPS ==> (94.500)
video 1/1 (923/1303) data/samples/c_test.mp4: Pruned 50% YOLOv3 | FPS ==> (95.603)
video 1/1 (924/1303) data/samples/c_test.mp4: Pruned 50% YOLOv3 | FPS ==> (99.979)
video 1/1 (925/1303) data/samples/c_test.mp4: Pruned 50% YOLOv3 | FPS ==> (100.876)
video 1/1 (926/1303) data/samples/c_test.mp4: Pruned 50% YOLOv3 | FPS ==> (103.786)
video 1/1 (927/1303) data/samples/c_test.mp4: Pruned 50% YOLOv3 | FPS ==> (101.984)
video 1/1 (928/1303) data/samples/c_test.mp4: Pruned 50% YOLOv3 | FPS ==> (94.802)
video 1/1 (929/1303) data/samples/c_test.mp4: Pruned 50% YOLOv3 | FPS ==> (94.709)
video 1/1 (930/1303) data/samples/c_test.mp4: Pruned 50% YOLOv3 | FPS ==> (100.900)
video 1/1 (931/1303) data/samples/c_test.mp4: Pruned 50% YOLOv3 | FPS ==> (88.405)
video 1/1 (932/1303) data/samples/c_test.mp4: Pruned 50% YOLOv3 | FPS ==> (89.574)
video 1/1 (933/1303) data/samples/c_test.mp4: Pruned 50% YOLOv3 | FPS ==> (90.041)
video 1/1 (934/1303) data/samples/c_test.mp4: Pruned 50% YOLOv3 | FPS ==> (95.488)
video 1/1 (935/1303) data/samples/c_test.mp4: Pruned 50% YOLOv3 | FPS ==> (93.321)
video 1/1 (936/1303) data/samples/c_test.mp4: Pruned 50% YOLOv3 | FPS ==> (95.808)
video 1/1 (937/1303) data/samples/c_test.mp4: Pruned 50% YOLOv3 | FPS ==> (97.158)
video 1/1 (938/1303) data/samples/c_test.mp4: Pruned 50% YOLOv3 | FPS ==> (96.741)
video 1/1 (939/1303) data/samples/c_test.mp4: Pruned 50% YOLOv3 | FPS ==> (95.264)
video 1/1 (940/1303) data/samples/c_test.mp4: Pruned 50% YOLOv3 | FPS ==> (100.465)
video 1/1 (941/1303) data/samples/c_test.mp4: Pruned 50% YOLOv3 | FPS ==> (100.941)
video 1/1 (942/1303) data/samples/c_test.mp4: Pruned 50% YOLOv3 | FPS ==> (104.667)
video 1/1 (943/1303) data/samples/c_test.mp4: Pruned 50% YOLOv3 | FPS ==> (104.727)
video 1/1 (944/1303) data/samples/c_test.mp4: Pruned 50% YOLOv3 | FPS ==> (89.519)
video 1/1 (945/1303) data/samples/c_test.mp4: Pruned 50% YOLOv3 | FPS ==> (99.689)
video 1/1 (946/1303) data/samples/c_test.mp4: Pruned 50% YOLOv3 | FPS ==> (98.580)
video 1/1 (947/1303) data/samples/c_test.mp4: Pruned 50% YOLOv3 | FPS ==> (96.072)
video 1/1 (948/1303) data/samples/c_test.mp4: Pruned 50% YOLOv3 | FPS ==> (99.791)
video 1/1 (949/1303) data/samples/c_test.mp4: Pruned 50% YOLOv3 | FPS ==> (96.810)
video 1/1 (950/1303) data/samples/c_test.mp4: Pruned 50% YOLOv3 | FPS ==> (92.800)
video 1/1 (951/1303) data/samples/c_test.mp4: Pruned 50% YOLOv3 | FPS ==> (93.056)
video 1/1 (952/1303) data/samples/c_test.mp4: Pruned 50% YOLOv3 | FPS ==> (74.669)
video 1/1 (953/1303) data/samples/c_test.mp4: Pruned 50% YOLOv3 | FPS ==> (74.242)
video 1/1 (954/1303) data/samples/c_test.mp4: Pruned 50% YOLOv3 | FPS ==> (84.927)
video 1/1 (955/1303) data/samples/c_test.mp4: Pruned 50% YOLOv3 | FPS ==> (79.928)
video 1/1 (956/1303) data/samples/c_test.mp4: Pruned 50% YOLOv3 | FPS ==> (86.497)
video 1/1 (957/1303) data/samples/c_test.mp4: Pruned 50% YOLOv3 | FPS ==> (86.170)
video 1/1 (958/1303) data/samples/c_test.mp4: Pruned 50% YOLOv3 | FPS ==> (83.270)
video 1/1 (959/1303) data/samples/c_test.mp4: Pruned 50% YOLOv3 | FPS ==> (86.959)
video 1/1 (960/1303) data/samples/c_test.mp4: Pruned 50% YOLOv3 | FPS ==> (87.392)
video 1/1 (961/1303) data/samples/c_test.mp4: Pruned 50% YOLOv3 | FPS ==> (84.357)
video 1/1 (962/1303) data/samples/c_test.mp4: Pruned 50% YOLOv3 | FPS ==> (85.391)
video 1/1 (963/1303) data/samples/c_test.mp4: Pruned 50% YOLOv3 | FPS ==> (72.967)
video 1/1 (964/1303) data/samples/c_test.mp4: Pruned 50% YOLOv3 | FPS ==> (75.634)
video 1/1 (965/1303) data/samples/c_test.mp4: Pruned 50% YOLOv3 | FPS ==> (81.596)
video 1/1 (966/1303) data/samples/c_test.mp4: Pruned 50% YOLOv3 | FPS ==> (81.444)
video 1/1 (967/1303) data/samples/c_test.mp4: Pruned 50% YOLOv3 | FPS ==> (81.725)
video 1/1 (968/1303) data/samples/c_test.mp4: Pruned 50% YOLOv3 | FPS ==> (98.218)
video 1/1 (969/1303) data/samples/c_test.mp4: Pruned 50% YOLOv3 | FPS ==> (87.780)
video 1/1 (970/1303) data/samples/c_test.mp4: Pruned 50% YOLOv3 | FPS ==> (92.211)
video 1/1 (971/1303) data/samples/c_test.mp4: Pruned 50% YOLOv3 | FPS ==> (106.390)
video 1/1 (972/1303) data/samples/c_test.mp4: Pruned 50% YOLOv3 | FPS ==> (106.069)
video 1/1 (973/1303) data/samples/c_test.mp4: Pruned 50% YOLOv3 | FPS ==> (93.151)
video 1/1 (974/1303) data/samples/c_test.mp4: Pruned 50% YOLOv3 | FPS ==> (99.297)
video 1/1 (975/1303) data/samples/c_test.mp4: Pruned 50% YOLOv3 | FPS ==> (94.462)
video 1/1 (976/1303) data/samples/c_test.mp4: Pruned 50% YOLOv3 | FPS ==> (102.945)
video 1/1 (977/1303) data/samples/c_test.mp4: Pruned 50% YOLOv3 | FPS ==> (105.738)
video 1/1 (978/1303) data/samples/c_test.mp4: Pruned 50% YOLOv3 | FPS ==> (104.188)
video 1/1 (979/1303) data/samples/c_test.mp4: Pruned 50% YOLOv3 | FPS ==> (109.695)
video 1/1 (980/1303) data/samples/c_test.mp4: Pruned 50% YOLOv3 | FPS ==> (103.773)
video 1/1 (981/1303) data/samples/c_test.mp4: Pruned 50% YOLOv3 | FPS ==> (94.432)
video 1/1 (982/1303) data/samples/c_test.mp4: Pruned 50% YOLOv3 | FPS ==> (105.952)
video 1/1 (983/1303) data/samples/c_test.mp4: Pruned 50% YOLOv3 | FPS ==> (113.877)
video 1/1 (984/1303) data/samples/c_test.mp4: Pruned 50% YOLOv3 | FPS ==> (109.928)
video 1/1 (985/1303) data/samples/c_test.mp4: Pruned 50% YOLOv3 | FPS ==> (106.145)
video 1/1 (986/1303) data/samples/c_test.mp4: Pruned 50% YOLOv3 | FPS ==> (102.203)
video 1/1 (987/1303) data/samples/c_test.mp4: Pruned 50% YOLOv3 | FPS ==> (109.767)
video 1/1 (988/1303) data/samples/c_test.mp4: Pruned 50% YOLOv3 | FPS ==> (106.032)
video 1/1 (989/1303) data/samples/c_test.mp4: Pruned 50% YOLOv3 | FPS ==> (100.723)
video 1/1 (990/1303) data/samples/c_test.mp4: Pruned 50% YOLOv3 | FPS ==> (103.809)
video 1/1 (991/1303) data/samples/c_test.mp4: Pruned 50% YOLOv3 | FPS ==> (102.641)
video 1/1 (992/1303) data/samples/c_test.mp4: Pruned 50% YOLOv3 | FPS ==> (103.699)
video 1/1 (993/1303) data/samples/c_test.mp4: Pruned 50% YOLOv3 | FPS ==> (101.523)
video 1/1 (994/1303) data/samples/c_test.mp4: Pruned 50% YOLOv3 | FPS ==> (101.895)
video 1/1 (995/1303) data/samples/c_test.mp4: Pruned 50% YOLOv3 | FPS ==> (101.469)
video 1/1 (996/1303) data/samples/c_test.mp4: Pruned 50% YOLOv3 | FPS ==> (102.235)
video 1/1 (997/1303) data/samples/c_test.mp4: Pruned 50% YOLOv3 | FPS ==> (96.647)
video 1/1 (998/1303) data/samples/c_test.mp4: Pruned 50% YOLOv3 | FPS ==> (97.133)
video 1/1 (999/1303) data/samples/c_test.mp4: Pruned 50% YOLOv3 | FPS ==> (103.525)
video 1/1 (1000/1303) data/samples/c_test.mp4: Pruned 50% YOLOv3 | FPS ==> (103.349)
video 1/1 (1001/1303) data/samples/c_test.mp4: Pruned 50% YOLOv3 | FPS ==> (96.741)
video 1/1 (1002/1303) data/samples/c_test.mp4: Pruned 50% YOLOv3 | FPS ==> (100.448)
video 1/1 (1003/1303) data/samples/c_test.mp4: Pruned 50% YOLOv3 | FPS ==> (103.448)
video 1/1 (1004/1303) data/samples/c_test.mp4: Pruned 50% YOLOv3 | FPS ==> (104.126)
video 1/1 (1005/1303) data/samples/c_test.mp4: Pruned 50% YOLOv3 | FPS ==> (104.005)
video 1/1 (1006/1303) data/samples/c_test.mp4: Pruned 50% YOLOv3 | FPS ==> (102.255)
video 1/1 (1007/1303) data/samples/c_test.mp4: Pruned 50% YOLOv3 | FPS ==> (102.756)
video 1/1 (1008/1303) data/samples/c_test.mp4: Pruned 50% YOLOv3 | FPS ==> (95.690)
video 1/1 (1009/1303) data/samples/c_test.mp4: Pruned 50% YOLOv3 | FPS ==> (100.160)
video 1/1 (1010/1303) data/samples/c_test.mp4: Pruned 50% YOLOv3 | FPS ==> (100.256)
video 1/1 (1011/1303) data/samples/c_test.mp4: Pruned 50% YOLOv3 | FPS ==> (100.244)
video 1/1 (1012/1303) data/samples/c_test.mp4: Pruned 50% YOLOv3 | FPS ==> (87.124)
video 1/1 (1013/1303) data/samples/c_test.mp4: Pruned 50% YOLOv3 | FPS ==> (96.770)
video 1/1 (1014/1303) data/samples/c_test.mp4: Pruned 50% YOLOv3 | FPS ==> (102.088)
video 1/1 (1015/1303) data/samples/c_test.mp4: Pruned 50% YOLOv3 | FPS ==> (103.814)
video 1/1 (1016/1303) data/samples/c_test.mp4: Pruned 50% YOLOv3 | FPS ==> (99.011)
video 1/1 (1017/1303) data/samples/c_test.mp4: Pruned 50% YOLOv3 | FPS ==> (100.093)
video 1/1 (1018/1303) data/samples/c_test.mp4: Pruned 50% YOLOv3 | FPS ==> (103.351)
video 1/1 (1019/1303) data/samples/c_test.mp4: Pruned 50% YOLOv3 | FPS ==> (103.016)
video 1/1 (1020/1303) data/samples/c_test.mp4: Pruned 50% YOLOv3 | FPS ==> (102.106)
video 1/1 (1021/1303) data/samples/c_test.mp4: Pruned 50% YOLOv3 | FPS ==> (100.448)
video 1/1 (1022/1303) data/samples/c_test.mp4: Pruned 50% YOLOv3 | FPS ==> (99.611)
video 1/1 (1023/1303) data/samples/c_test.mp4: Pruned 50% YOLOv3 | FPS ==> (103.527)
video 1/1 (1024/1303) data/samples/c_test.mp4: Pruned 50% YOLOv3 | FPS ==> (103.619)
video 1/1 (1025/1303) data/samples/c_test.mp4: Pruned 50% YOLOv3 | FPS ==> (102.963)
video 1/1 (1026/1303) data/samples/c_test.mp4: Pruned 50% YOLOv3 | FPS ==> (94.926)
video 1/1 (1027/1303) data/samples/c_test.mp4: Pruned 50% YOLOv3 | FPS ==> (97.863)
video 1/1 (1028/1303) data/samples/c_test.mp4: Pruned 50% YOLOv3 | FPS ==> (97.815)
video 1/1 (1029/1303) data/samples/c_test.mp4: Pruned 50% YOLOv3 | FPS ==> (92.512)
video 1/1 (1030/1303) data/samples/c_test.mp4: Pruned 50% YOLOv3 | FPS ==> (88.675)
video 1/1 (1031/1303) data/samples/c_test.mp4: Pruned 50% YOLOv3 | FPS ==> (95.288)
video 1/1 (1032/1303) data/samples/c_test.mp4: Pruned 50% YOLOv3 | FPS ==> (94.417)
video 1/1 (1033/1303) data/samples/c_test.mp4: Pruned 50% YOLOv3 | FPS ==> (93.103)
video 1/1 (1034/1303) data/samples/c_test.mp4: Pruned 50% YOLOv3 | FPS ==> (88.521)
video 1/1 (1035/1303) data/samples/c_test.mp4: Pruned 50% YOLOv3 | FPS ==> (80.505)
video 1/1 (1036/1303) data/samples/c_test.mp4: Pruned 50% YOLOv3 | FPS ==> (96.006)
video 1/1 (1037/1303) data/samples/c_test.mp4: Pruned 50% YOLOv3 | FPS ==> (102.290)
video 1/1 (1038/1303) data/samples/c_test.mp4: Pruned 50% YOLOv3 | FPS ==> (102.133)
video 1/1 (1039/1303) data/samples/c_test.mp4: Pruned 50% YOLOv3 | FPS ==> (90.113)
video 1/1 (1040/1303) data/samples/c_test.mp4: Pruned 50% YOLOv3 | FPS ==> (94.742)
video 1/1 (1041/1303) data/samples/c_test.mp4: Pruned 50% YOLOv3 | FPS ==> (97.368)
video 1/1 (1042/1303) data/samples/c_test.mp4: Pruned 50% YOLOv3 | FPS ==> (90.218)
video 1/1 (1043/1303) data/samples/c_test.mp4: Pruned 50% YOLOv3 | FPS ==> (93.757)
video 1/1 (1044/1303) data/samples/c_test.mp4: Pruned 50% YOLOv3 | FPS ==> (86.794)
video 1/1 (1045/1303) data/samples/c_test.mp4: Pruned 50% YOLOv3 | FPS ==> (90.953)
video 1/1 (1046/1303) data/samples/c_test.mp4: Pruned 50% YOLOv3 | FPS ==> (90.012)
video 1/1 (1047/1303) data/samples/c_test.mp4: Pruned 50% YOLOv3 | FPS ==> (96.536)
video 1/1 (1048/1303) data/samples/c_test.mp4: Pruned 50% YOLOv3 | FPS ==> (100.301)
video 1/1 (1049/1303) data/samples/c_test.mp4: Pruned 50% YOLOv3 | FPS ==> (91.240)
video 1/1 (1050/1303) data/samples/c_test.mp4: Pruned 50% YOLOv3 | FPS ==> (91.465)
video 1/1 (1051/1303) data/samples/c_test.mp4: Pruned 50% YOLOv3 | FPS ==> (91.423)
video 1/1 (1052/1303) data/samples/c_test.mp4: Pruned 50% YOLOv3 | FPS ==> (99.611)
video 1/1 (1053/1303) data/samples/c_test.mp4: Pruned 50% YOLOv3 | FPS ==> (102.605)
video 1/1 (1054/1303) data/samples/c_test.mp4: Pruned 50% YOLOv3 | FPS ==> (103.794)
video 1/1 (1055/1303) data/samples/c_test.mp4: Pruned 50% YOLOv3 | FPS ==> (99.670)
video 1/1 (1056/1303) data/samples/c_test.mp4: Pruned 50% YOLOv3 | FPS ==> (98.948)
video 1/1 (1057/1303) data/samples/c_test.mp4: Pruned 50% YOLOv3 | FPS ==> (101.587)
video 1/1 (1058/1303) data/samples/c_test.mp4: Pruned 50% YOLOv3 | FPS ==> (97.762)
video 1/1 (1059/1303) data/samples/c_test.mp4: Pruned 50% YOLOv3 | FPS ==> (96.527)
video 1/1 (1060/1303) data/samples/c_test.mp4: Pruned 50% YOLOv3 | FPS ==> (100.655)
video 1/1 (1061/1303) data/samples/c_test.mp4: Pruned 50% YOLOv3 | FPS ==> (99.762)
video 1/1 (1062/1303) data/samples/c_test.mp4: Pruned 50% YOLOv3 | FPS ==> (101.051)
video 1/1 (1063/1303) data/samples/c_test.mp4: Pruned 50% YOLOv3 | FPS ==> (103.125)
video 1/1 (1064/1303) data/samples/c_test.mp4: Pruned 50% YOLOv3 | FPS ==> (102.488)
video 1/1 (1065/1303) data/samples/c_test.mp4: Pruned 50% YOLOv3 | FPS ==> (106.725)
video 1/1 (1066/1303) data/samples/c_test.mp4: Pruned 50% YOLOv3 | FPS ==> (108.683)
video 1/1 (1067/1303) data/samples/c_test.mp4: Pruned 50% YOLOv3 | FPS ==> (106.978)
video 1/1 (1068/1303) data/samples/c_test.mp4: Pruned 50% YOLOv3 | FPS ==> (109.868)
video 1/1 (1069/1303) data/samples/c_test.mp4: Pruned 50% YOLOv3 | FPS ==> (99.119)
video 1/1 (1070/1303) data/samples/c_test.mp4: Pruned 50% YOLOv3 | FPS ==> (105.005)
video 1/1 (1071/1303) data/samples/c_test.mp4: Pruned 50% YOLOv3 | FPS ==> (104.541)
video 1/1 (1072/1303) data/samples/c_test.mp4: Pruned 50% YOLOv3 | FPS ==> (106.317)
video 1/1 (1073/1303) data/samples/c_test.mp4: Pruned 50% YOLOv3 | FPS ==> (106.897)
video 1/1 (1074/1303) data/samples/c_test.mp4: Pruned 50% YOLOv3 | FPS ==> (108.923)
video 1/1 (1075/1303) data/samples/c_test.mp4: Pruned 50% YOLOv3 | FPS ==> (107.315)
video 1/1 (1076/1303) data/samples/c_test.mp4: Pruned 50% YOLOv3 | FPS ==> (105.313)
video 1/1 (1077/1303) data/samples/c_test.mp4: Pruned 50% YOLOv3 | FPS ==> (95.848)
video 1/1 (1078/1303) data/samples/c_test.mp4: Pruned 50% YOLOv3 | FPS ==> (92.673)
video 1/1 (1079/1303) data/samples/c_test.mp4: Pruned 50% YOLOv3 | FPS ==> (102.902)
video 1/1 (1080/1303) data/samples/c_test.mp4: Pruned 50% YOLOv3 | FPS ==> (105.952)
video 1/1 (1081/1303) data/samples/c_test.mp4: Pruned 50% YOLOv3 | FPS ==> (92.667)
video 1/1 (1082/1303) data/samples/c_test.mp4: Pruned 50% YOLOv3 | FPS ==> (89.723)
video 1/1 (1083/1303) data/samples/c_test.mp4: Pruned 50% YOLOv3 | FPS ==> (88.663)
video 1/1 (1084/1303) data/samples/c_test.mp4: Pruned 50% YOLOv3 | FPS ==> (89.488)
video 1/1 (1085/1303) data/samples/c_test.mp4: Pruned 50% YOLOv3 | FPS ==> (89.448)
video 1/1 (1086/1303) data/samples/c_test.mp4: Pruned 50% YOLOv3 | FPS ==> (90.140)
video 1/1 (1087/1303) data/samples/c_test.mp4: Pruned 50% YOLOv3 | FPS ==> (88.366)
video 1/1 (1088/1303) data/samples/c_test.mp4: Pruned 50% YOLOv3 | FPS ==> (90.664)
video 1/1 (1089/1303) data/samples/c_test.mp4: Pruned 50% YOLOv3 | FPS ==> (91.930)
video 1/1 (1090/1303) data/samples/c_test.mp4: Pruned 50% YOLOv3 | FPS ==> (91.773)
video 1/1 (1091/1303) data/samples/c_test.mp4: Pruned 50% YOLOv3 | FPS ==> (95.074)
video 1/1 (1092/1303) data/samples/c_test.mp4: Pruned 50% YOLOv3 | FPS ==> (94.889)
video 1/1 (1093/1303) data/samples/c_test.mp4: Pruned 50% YOLOv3 | FPS ==> (95.161)
video 1/1 (1094/1303) data/samples/c_test.mp4: Pruned 50% YOLOv3 | FPS ==> (92.467)
video 1/1 (1095/1303) data/samples/c_test.mp4: Pruned 50% YOLOv3 | FPS ==> (87.509)
video 1/1 (1096/1303) data/samples/c_test.mp4: Pruned 50% YOLOv3 | FPS ==> (92.219)
video 1/1 (1097/1303) data/samples/c_test.mp4: Pruned 50% YOLOv3 | FPS ==> (92.500)
video 1/1 (1098/1303) data/samples/c_test.mp4: Pruned 50% YOLOv3 | FPS ==> (91.509)
video 1/1 (1099/1303) data/samples/c_test.mp4: Pruned 50% YOLOv3 | FPS ==> (91.339)
video 1/1 (1100/1303) data/samples/c_test.mp4: Pruned 50% YOLOv3 | FPS ==> (99.701)
video 1/1 (1101/1303) data/samples/c_test.mp4: Pruned 50% YOLOv3 | FPS ==> (82.747)
video 1/1 (1102/1303) data/samples/c_test.mp4: Pruned 50% YOLOv3 | FPS ==> (81.562)
video 1/1 (1103/1303) data/samples/c_test.mp4: Pruned 50% YOLOv3 | FPS ==> (85.337)
video 1/1 (1104/1303) data/samples/c_test.mp4: Pruned 50% YOLOv3 | FPS ==> (87.489)
video 1/1 (1105/1303) data/samples/c_test.mp4: Pruned 50% YOLOv3 | FPS ==> (92.694)
video 1/1 (1106/1303) data/samples/c_test.mp4: Pruned 50% YOLOv3 | FPS ==> (97.569)
video 1/1 (1107/1303) data/samples/c_test.mp4: Pruned 50% YOLOv3 | FPS ==> (97.313)
video 1/1 (1108/1303) data/samples/c_test.mp4: Pruned 50% YOLOv3 | FPS ==> (89.576)
video 1/1 (1109/1303) data/samples/c_test.mp4: Pruned 50% YOLOv3 | FPS ==> (91.278)
video 1/1 (1110/1303) data/samples/c_test.mp4: Pruned 50% YOLOv3 | FPS ==> (92.166)
video 1/1 (1111/1303) data/samples/c_test.mp4: Pruned 50% YOLOv3 | FPS ==> (86.109)
video 1/1 (1112/1303) data/samples/c_test.mp4: Pruned 50% YOLOv3 | FPS ==> (91.435)
video 1/1 (1113/1303) data/samples/c_test.mp4: Pruned 50% YOLOv3 | FPS ==> (92.325)
video 1/1 (1114/1303) data/samples/c_test.mp4: Pruned 50% YOLOv3 | FPS ==> (93.163)
video 1/1 (1115/1303) data/samples/c_test.mp4: Pruned 50% YOLOv3 | FPS ==> (99.907)
video 1/1 (1116/1303) data/samples/c_test.mp4: Pruned 50% YOLOv3 | FPS ==> (100.931)
video 1/1 (1117/1303) data/samples/c_test.mp4: Pruned 50% YOLOv3 | FPS ==> (103.532)
video 1/1 (1118/1303) data/samples/c_test.mp4: Pruned 50% YOLOv3 | FPS ==> (104.056)
video 1/1 (1119/1303) data/samples/c_test.mp4: Pruned 50% YOLOv3 | FPS ==> (102.653)
video 1/1 (1120/1303) data/samples/c_test.mp4: Pruned 50% YOLOv3 | FPS ==> (96.911)
video 1/1 (1121/1303) data/samples/c_test.mp4: Pruned 50% YOLOv3 | FPS ==> (96.862)
video 1/1 (1122/1303) data/samples/c_test.mp4: Pruned 50% YOLOv3 | FPS ==> (93.064)
video 1/1 (1123/1303) data/samples/c_test.mp4: Pruned 50% YOLOv3 | FPS ==> (89.935)
video 1/1 (1124/1303) data/samples/c_test.mp4: Pruned 50% YOLOv3 | FPS ==> (89.511)
video 1/1 (1125/1303) data/samples/c_test.mp4: Pruned 50% YOLOv3 | FPS ==> (85.485)
video 1/1 (1126/1303) data/samples/c_test.mp4: Pruned 50% YOLOv3 | FPS ==> (93.114)
video 1/1 (1127/1303) data/samples/c_test.mp4: Pruned 50% YOLOv3 | FPS ==> (96.688)
video 1/1 (1128/1303) data/samples/c_test.mp4: Pruned 50% YOLOv3 | FPS ==> (96.004)
video 1/1 (1129/1303) data/samples/c_test.mp4: Pruned 50% YOLOv3 | FPS ==> (94.509)
video 1/1 (1130/1303) data/samples/c_test.mp4: Pruned 50% YOLOv3 | FPS ==> (103.807)
video 1/1 (1131/1303) data/samples/c_test.mp4: Pruned 50% YOLOv3 | FPS ==> (104.087)
video 1/1 (1132/1303) data/samples/c_test.mp4: Pruned 50% YOLOv3 | FPS ==> (89.250)
video 1/1 (1133/1303) data/samples/c_test.mp4: Pruned 50% YOLOv3 | FPS ==> (92.325)
video 1/1 (1134/1303) data/samples/c_test.mp4: Pruned 50% YOLOv3 | FPS ==> (95.299)
video 1/1 (1135/1303) data/samples/c_test.mp4: Pruned 50% YOLOv3 | FPS ==> (96.478)
video 1/1 (1136/1303) data/samples/c_test.mp4: Pruned 50% YOLOv3 | FPS ==> (97.329)
video 1/1 (1137/1303) data/samples/c_test.mp4: Pruned 50% YOLOv3 | FPS ==> (89.381)
video 1/1 (1138/1303) data/samples/c_test.mp4: Pruned 50% YOLOv3 | FPS ==> (96.213)
video 1/1 (1139/1303) data/samples/c_test.mp4: Pruned 50% YOLOv3 | FPS ==> (98.462)
video 1/1 (1140/1303) data/samples/c_test.mp4: Pruned 50% YOLOv3 | FPS ==> (101.053)
video 1/1 (1141/1303) data/samples/c_test.mp4: Pruned 50% YOLOv3 | FPS ==> (102.468)
video 1/1 (1142/1303) data/samples/c_test.mp4: Pruned 50% YOLOv3 | FPS ==> (100.378)
video 1/1 (1143/1303) data/samples/c_test.mp4: Pruned 50% YOLOv3 | FPS ==> (99.408)
video 1/1 (1144/1303) data/samples/c_test.mp4: Pruned 50% YOLOv3 | FPS ==> (93.095)
video 1/1 (1145/1303) data/samples/c_test.mp4: Pruned 50% YOLOv3 | FPS ==> (97.030)
video 1/1 (1146/1303) data/samples/c_test.mp4: Pruned 50% YOLOv3 | FPS ==> (96.089)
video 1/1 (1147/1303) data/samples/c_test.mp4: Pruned 50% YOLOv3 | FPS ==> (91.161)
video 1/1 (1148/1303) data/samples/c_test.mp4: Pruned 50% YOLOv3 | FPS ==> (95.254)
video 1/1 (1149/1303) data/samples/c_test.mp4: Pruned 50% YOLOv3 | FPS ==> (93.460)
video 1/1 (1150/1303) data/samples/c_test.mp4: Pruned 50% YOLOv3 | FPS ==> (89.860)
video 1/1 (1151/1303) data/samples/c_test.mp4: Pruned 50% YOLOv3 | FPS ==> (92.112)
video 1/1 (1152/1303) data/samples/c_test.mp4: Pruned 50% YOLOv3 | FPS ==> (95.547)
video 1/1 (1153/1303) data/samples/c_test.mp4: Pruned 50% YOLOv3 | FPS ==> (88.071)
video 1/1 (1154/1303) data/samples/c_test.mp4: Pruned 50% YOLOv3 | FPS ==> (92.166)
video 1/1 (1155/1303) data/samples/c_test.mp4: Pruned 50% YOLOv3 | FPS ==> (95.332)
video 1/1 (1156/1303) data/samples/c_test.mp4: Pruned 50% YOLOv3 | FPS ==> (92.637)
video 1/1 (1157/1303) data/samples/c_test.mp4: Pruned 50% YOLOv3 | FPS ==> (93.004)
video 1/1 (1158/1303) data/samples/c_test.mp4: Pruned 50% YOLOv3 | FPS ==> (94.013)
video 1/1 (1159/1303) data/samples/c_test.mp4: Pruned 50% YOLOv3 | FPS ==> (95.969)
video 1/1 (1160/1303) data/samples/c_test.mp4: Pruned 50% YOLOv3 | FPS ==> (89.006)
video 1/1 (1161/1303) data/samples/c_test.mp4: Pruned 50% YOLOv3 | FPS ==> (94.279)
video 1/1 (1162/1303) data/samples/c_test.mp4: Pruned 50% YOLOv3 | FPS ==> (91.655)
video 1/1 (1163/1303) data/samples/c_test.mp4: Pruned 50% YOLOv3 | FPS ==> (91.451)
video 1/1 (1164/1303) data/samples/c_test.mp4: Pruned 50% YOLOv3 | FPS ==> (90.003)
video 1/1 (1165/1303) data/samples/c_test.mp4: Pruned 50% YOLOv3 | FPS ==> (86.734)
video 1/1 (1166/1303) data/samples/c_test.mp4: Pruned 50% YOLOv3 | FPS ==> (91.351)
video 1/1 (1167/1303) data/samples/c_test.mp4: Pruned 50% YOLOv3 | FPS ==> (90.951)
video 1/1 (1168/1303) data/samples/c_test.mp4: Pruned 50% YOLOv3 | FPS ==> (97.370)
video 1/1 (1169/1303) data/samples/c_test.mp4: Pruned 50% YOLOv3 | FPS ==> (87.180)
video 1/1 (1170/1303) data/samples/c_test.mp4: Pruned 50% YOLOv3 | FPS ==> (85.584)
video 1/1 (1171/1303) data/samples/c_test.mp4: Pruned 50% YOLOv3 | FPS ==> (89.193)
video 1/1 (1172/1303) data/samples/c_test.mp4: Pruned 50% YOLOv3 | FPS ==> (99.810)
video 1/1 (1173/1303) data/samples/c_test.mp4: Pruned 50% YOLOv3 | FPS ==> (99.002)
video 1/1 (1174/1303) data/samples/c_test.mp4: Pruned 50% YOLOv3 | FPS ==> (99.881)
video 1/1 (1175/1303) data/samples/c_test.mp4: Pruned 50% YOLOv3 | FPS ==> (84.769)
video 1/1 (1176/1303) data/samples/c_test.mp4: Pruned 50% YOLOv3 | FPS ==> (97.198)
video 1/1 (1177/1303) data/samples/c_test.mp4: Pruned 50% YOLOv3 | FPS ==> (99.924)
video 1/1 (1178/1303) data/samples/c_test.mp4: Pruned 50% YOLOv3 | FPS ==> (100.653)
video 1/1 (1179/1303) data/samples/c_test.mp4: Pruned 50% YOLOv3 | FPS ==> (97.293)
video 1/1 (1180/1303) data/samples/c_test.mp4: Pruned 50% YOLOv3 | FPS ==> (92.905)
video 1/1 (1181/1303) data/samples/c_test.mp4: Pruned 50% YOLOv3 | FPS ==> (98.836)
video 1/1 (1182/1303) data/samples/c_test.mp4: Pruned 50% YOLOv3 | FPS ==> (100.907)
video 1/1 (1183/1303) data/samples/c_test.mp4: Pruned 50% YOLOv3 | FPS ==> (98.743)
video 1/1 (1184/1303) data/samples/c_test.mp4: Pruned 50% YOLOv3 | FPS ==> (101.579)
video 1/1 (1185/1303) data/samples/c_test.mp4: Pruned 50% YOLOv3 | FPS ==> (100.776)
video 1/1 (1186/1303) data/samples/c_test.mp4: Pruned 50% YOLOv3 | FPS ==> (102.393)
video 1/1 (1187/1303) data/samples/c_test.mp4: Pruned 50% YOLOv3 | FPS ==> (101.185)
video 1/1 (1188/1303) data/samples/c_test.mp4: Pruned 50% YOLOv3 | FPS ==> (101.046)
video 1/1 (1189/1303) data/samples/c_test.mp4: Pruned 50% YOLOv3 | FPS ==> (99.867)
video 1/1 (1190/1303) data/samples/c_test.mp4: Pruned 50% YOLOv3 | FPS ==> (100.764)
video 1/1 (1191/1303) data/samples/c_test.mp4: Pruned 50% YOLOv3 | FPS ==> (101.143)
video 1/1 (1192/1303) data/samples/c_test.mp4: Pruned 50% YOLOv3 | FPS ==> (99.509)
video 1/1 (1193/1303) data/samples/c_test.mp4: Pruned 50% YOLOv3 | FPS ==> (103.173)
video 1/1 (1194/1303) data/samples/c_test.mp4: Pruned 50% YOLOv3 | FPS ==> (99.836)
video 1/1 (1195/1303) data/samples/c_test.mp4: Pruned 50% YOLOv3 | FPS ==> (99.203)
video 1/1 (1196/1303) data/samples/c_test.mp4: Pruned 50% YOLOv3 | FPS ==> (96.541)
video 1/1 (1197/1303) data/samples/c_test.mp4: Pruned 50% YOLOv3 | FPS ==> (100.687)
video 1/1 (1198/1303) data/samples/c_test.mp4: Pruned 50% YOLOv3 | FPS ==> (101.799)
video 1/1 (1199/1303) data/samples/c_test.mp4: Pruned 50% YOLOv3 | FPS ==> (101.843)
video 1/1 (1200/1303) data/samples/c_test.mp4: Pruned 50% YOLOv3 | FPS ==> (109.383)
video 1/1 (1201/1303) data/samples/c_test.mp4: Pruned 50% YOLOv3 | FPS ==> (103.001)
video 1/1 (1202/1303) data/samples/c_test.mp4: Pruned 50% YOLOv3 | FPS ==> (103.014)
video 1/1 (1203/1303) data/samples/c_test.mp4: Pruned 50% YOLOv3 | FPS ==> (102.988)
video 1/1 (1204/1303) data/samples/c_test.mp4: Pruned 50% YOLOv3 | FPS ==> (99.544)
video 1/1 (1205/1303) data/samples/c_test.mp4: Pruned 50% YOLOv3 | FPS ==> (95.457)
video 1/1 (1206/1303) data/samples/c_test.mp4: Pruned 50% YOLOv3 | FPS ==> (102.071)
video 1/1 (1207/1303) data/samples/c_test.mp4: Pruned 50% YOLOv3 | FPS ==> (101.739)
video 1/1 (1208/1303) data/samples/c_test.mp4: Pruned 50% YOLOv3 | FPS ==> (100.115)
video 1/1 (1209/1303) data/samples/c_test.mp4: Pruned 50% YOLOv3 | FPS ==> (101.712)
video 1/1 (1210/1303) data/samples/c_test.mp4: Pruned 50% YOLOv3 | FPS ==> (101.513)
video 1/1 (1211/1303) data/samples/c_test.mp4: Pruned 50% YOLOv3 | FPS ==> (101.791)
video 1/1 (1212/1303) data/samples/c_test.mp4: Pruned 50% YOLOv3 | FPS ==> (101.796)
video 1/1 (1213/1303) data/samples/c_test.mp4: Pruned 50% YOLOv3 | FPS ==> (99.646)
video 1/1 (1214/1303) data/samples/c_test.mp4: Pruned 50% YOLOv3 | FPS ==> (99.147)
video 1/1 (1215/1303) data/samples/c_test.mp4: Pruned 50% YOLOv3 | FPS ==> (102.651)
video 1/1 (1216/1303) data/samples/c_test.mp4: Pruned 50% YOLOv3 | FPS ==> (98.271)
video 1/1 (1217/1303) data/samples/c_test.mp4: Pruned 50% YOLOv3 | FPS ==> (101.557)
video 1/1 (1218/1303) data/samples/c_test.mp4: Pruned 50% YOLOv3 | FPS ==> (95.800)
video 1/1 (1219/1303) data/samples/c_test.mp4: Pruned 50% YOLOv3 | FPS ==> (102.405)
video 1/1 (1220/1303) data/samples/c_test.mp4: Pruned 50% YOLOv3 | FPS ==> (95.555)
video 1/1 (1221/1303) data/samples/c_test.mp4: Pruned 50% YOLOv3 | FPS ==> (96.886)
video 1/1 (1222/1303) data/samples/c_test.mp4: Pruned 50% YOLOv3 | FPS ==> (96.654)
video 1/1 (1223/1303) data/samples/c_test.mp4: Pruned 50% YOLOv3 | FPS ==> (97.925)
video 1/1 (1224/1303) data/samples/c_test.mp4: Pruned 50% YOLOv3 | FPS ==> (91.407)
video 1/1 (1225/1303) data/samples/c_test.mp4: Pruned 50% YOLOv3 | FPS ==> (90.778)
video 1/1 (1226/1303) data/samples/c_test.mp4: Pruned 50% YOLOv3 | FPS ==> (92.414)
video 1/1 (1227/1303) data/samples/c_test.mp4: Pruned 50% YOLOv3 | FPS ==> (98.338)
video 1/1 (1228/1303) data/samples/c_test.mp4: Pruned 50% YOLOv3 | FPS ==> (102.358)
video 1/1 (1229/1303) data/samples/c_test.mp4: Pruned 50% YOLOv3 | FPS ==> (103.982)
video 1/1 (1230/1303) data/samples/c_test.mp4: Pruned 50% YOLOv3 | FPS ==> (100.335)
video 1/1 (1231/1303) data/samples/c_test.mp4: Pruned 50% YOLOv3 | FPS ==> (107.389)
video 1/1 (1232/1303) data/samples/c_test.mp4: Pruned 50% YOLOv3 | FPS ==> (108.985)
video 1/1 (1233/1303) data/samples/c_test.mp4: Pruned 50% YOLOv3 | FPS ==> (108.229)
video 1/1 (1234/1303) data/samples/c_test.mp4: Pruned 50% YOLOv3 | FPS ==> (100.895)
video 1/1 (1235/1303) data/samples/c_test.mp4: Pruned 50% YOLOv3 | FPS ==> (100.273)
video 1/1 (1236/1303) data/samples/c_test.mp4: Pruned 50% YOLOv3 | FPS ==> (96.246)
video 1/1 (1237/1303) data/samples/c_test.mp4: Pruned 50% YOLOv3 | FPS ==> (92.091)
video 1/1 (1238/1303) data/samples/c_test.mp4: Pruned 50% YOLOv3 | FPS ==> (98.315)
video 1/1 (1239/1303) data/samples/c_test.mp4: Pruned 50% YOLOv3 | FPS ==> (89.376)
video 1/1 (1240/1303) data/samples/c_test.mp4: Pruned 50% YOLOv3 | FPS ==> (98.622)
video 1/1 (1241/1303) data/samples/c_test.mp4: Pruned 50% YOLOv3 | FPS ==> (95.364)
video 1/1 (1242/1303) data/samples/c_test.mp4: Pruned 50% YOLOv3 | FPS ==> (88.075)
video 1/1 (1243/1303) data/samples/c_test.mp4: Pruned 50% YOLOv3 | FPS ==> (88.555)
video 1/1 (1244/1303) data/samples/c_test.mp4: Pruned 50% YOLOv3 | FPS ==> (87.650)
video 1/1 (1245/1303) data/samples/c_test.mp4: Pruned 50% YOLOv3 | FPS ==> (81.291)
video 1/1 (1246/1303) data/samples/c_test.mp4: Pruned 50% YOLOv3 | FPS ==> (84.656)
video 1/1 (1247/1303) data/samples/c_test.mp4: Pruned 50% YOLOv3 | FPS ==> (81.979)
video 1/1 (1248/1303) data/samples/c_test.mp4: Pruned 50% YOLOv3 | FPS ==> (83.757)
video 1/1 (1249/1303) data/samples/c_test.mp4: Pruned 50% YOLOv3 | FPS ==> (81.051)
video 1/1 (1250/1303) data/samples/c_test.mp4: Pruned 50% YOLOv3 | FPS ==> (81.405)
video 1/1 (1251/1303) data/samples/c_test.mp4: Pruned 50% YOLOv3 | FPS ==> (81.312)
video 1/1 (1252/1303) data/samples/c_test.mp4: Pruned 50% YOLOv3 | FPS ==> (83.552)
video 1/1 (1253/1303) data/samples/c_test.mp4: Pruned 50% YOLOv3 | FPS ==> (86.470)
video 1/1 (1254/1303) data/samples/c_test.mp4: Pruned 50% YOLOv3 | FPS ==> (85.323)
video 1/1 (1255/1303) data/samples/c_test.mp4: Pruned 50% YOLOv3 | FPS ==> (88.631)
video 1/1 (1256/1303) data/samples/c_test.mp4: Pruned 50% YOLOv3 | FPS ==> (88.143)
video 1/1 (1257/1303) data/samples/c_test.mp4: Pruned 50% YOLOv3 | FPS ==> (85.022)
video 1/1 (1258/1303) data/samples/c_test.mp4: Pruned 50% YOLOv3 | FPS ==> (86.920)
video 1/1 (1259/1303) data/samples/c_test.mp4: Pruned 50% YOLOv3 | FPS ==> (87.209)
video 1/1 (1260/1303) data/samples/c_test.mp4: Pruned 50% YOLOv3 | FPS ==> (84.162)
video 1/1 (1261/1303) data/samples/c_test.mp4: Pruned 50% YOLOv3 | FPS ==> (83.465)
video 1/1 (1262/1303) data/samples/c_test.mp4: Pruned 50% YOLOv3 | FPS ==> (81.538)
video 1/1 (1263/1303) data/samples/c_test.mp4: Pruned 50% YOLOv3 | FPS ==> (84.566)
video 1/1 (1264/1303) data/samples/c_test.mp4: Pruned 50% YOLOv3 | FPS ==> (81.864)
video 1/1 (1265/1303) data/samples/c_test.mp4: Pruned 50% YOLOv3 | FPS ==> (78.756)
video 1/1 (1266/1303) data/samples/c_test.mp4: Pruned 50% YOLOv3 | FPS ==> (85.636)
video 1/1 (1267/1303) data/samples/c_test.mp4: Pruned 50% YOLOv3 | FPS ==> (82.388)
video 1/1 (1268/1303) data/samples/c_test.mp4: Pruned 50% YOLOv3 | FPS ==> (79.834)
video 1/1 (1269/1303) data/samples/c_test.mp4: Pruned 50% YOLOv3 | FPS ==> (78.303)
video 1/1 (1270/1303) data/samples/c_test.mp4: Pruned 50% YOLOv3 | FPS ==> (70.961)
video 1/1 (1271/1303) data/samples/c_test.mp4: Pruned 50% YOLOv3 | FPS ==> (71.371)
video 1/1 (1272/1303) data/samples/c_test.mp4: Pruned 50% YOLOv3 | FPS ==> (69.939)
video 1/1 (1273/1303) data/samples/c_test.mp4: Pruned 50% YOLOv3 | FPS ==> (80.145)
video 1/1 (1274/1303) data/samples/c_test.mp4: Pruned 50% YOLOv3 | FPS ==> (78.389)
video 1/1 (1275/1303) data/samples/c_test.mp4: Pruned 50% YOLOv3 | FPS ==> (71.303)
video 1/1 (1276/1303) data/samples/c_test.mp4: Pruned 50% YOLOv3 | FPS ==> (72.722)
video 1/1 (1277/1303) data/samples/c_test.mp4: Pruned 50% YOLOv3 | FPS ==> (76.080)
video 1/1 (1278/1303) data/samples/c_test.mp4: Pruned 50% YOLOv3 | FPS ==> (80.292)
video 1/1 (1279/1303) data/samples/c_test.mp4: Pruned 50% YOLOv3 | FPS ==> (80.622)
video 1/1 (1280/1303) data/samples/c_test.mp4: Pruned 50% YOLOv3 | FPS ==> (75.565)
video 1/1 (1281/1303) data/samples/c_test.mp4: Pruned 50% YOLOv3 | FPS ==> (74.878)
video 1/1 (1282/1303) data/samples/c_test.mp4: Pruned 50% YOLOv3 | FPS ==> (70.684)
video 1/1 (1283/1303) data/samples/c_test.mp4: Pruned 50% YOLOv3 | FPS ==> (73.345)
video 1/1 (1284/1303) data/samples/c_test.mp4: Pruned 50% YOLOv3 | FPS ==> (76.363)
video 1/1 (1285/1303) data/samples/c_test.mp4: Pruned 50% YOLOv3 | FPS ==> (72.985)
video 1/1 (1286/1303) data/samples/c_test.mp4: Pruned 50% YOLOv3 | FPS ==> (75.998)
video 1/1 (1287/1303) data/samples/c_test.mp4: Pruned 50% YOLOv3 | FPS ==> (75.407)
video 1/1 (1288/1303) data/samples/c_test.mp4: Pruned 50% YOLOv3 | FPS ==> (72.362)
video 1/1 (1289/1303) data/samples/c_test.mp4: Pruned 50% YOLOv3 | FPS ==> (79.053)
video 1/1 (1290/1303) data/samples/c_test.mp4: Pruned 50% YOLOv3 | FPS ==> (74.709)
video 1/1 (1291/1303) data/samples/c_test.mp4: Pruned 50% YOLOv3 | FPS ==> (73.360)
video 1/1 (1292/1303) data/samples/c_test.mp4: Pruned 50% YOLOv3 | FPS ==> (71.240)
video 1/1 (1293/1303) data/samples/c_test.mp4: Pruned 50% YOLOv3 | FPS ==> (66.146)
video 1/1 (1294/1303) data/samples/c_test.mp4: Pruned 50% YOLOv3 | FPS ==> (65.980)
video 1/1 (1295/1303) data/samples/c_test.mp4: Pruned 50% YOLOv3 | FPS ==> (69.862)
video 1/1 (1296/1303) data/samples/c_test.mp4: Pruned 50% YOLOv3 | FPS ==> (70.717)
video 1/1 (1297/1303) data/samples/c_test.mp4: Pruned 50% YOLOv3 | FPS ==> (72.941)
video 1/1 (1298/1303) data/samples/c_test.mp4: Pruned 50% YOLOv3 | FPS ==> (61.393)
video 1/1 (1299/1303) data/samples/c_test.mp4: Pruned 50% YOLOv3 | FPS ==> (62.993)
video 1/1 (1300/1303) data/samples/c_test.mp4: Pruned 50% YOLOv3 | FPS ==> (60.465)
video 1/1 (1301/1303) data/samples/c_test.mp4: Pruned 50% YOLOv3 | FPS ==> (61.959)
video 1/1 (1302/1303) data/samples/c_test.mp4: Pruned 50% YOLOv3 | FPS ==> (64.249)
video 1/1 (1303/1303) data/samples/c_test.mp4: Pruned 50% YOLOv3 | FPS ==> (137.190)
Results saved to /home/jianing/Intern1/exp4/results_analysis/output_pruned50
Done. (25.726s)
