/home/jianing/pyenv/lib/python3.10/site-packages/torch/functional.py:504: UserWarning: torch.meshgrid: in an upcoming release, it will be required to pass the indexing argument. (Triggered internally at ../aten/src/ATen/native/TensorShape.cpp:3526.)
  return _VF.meshgrid(tensors, **kwargs)  # type: ignore[attr-defined]
Namespace(cfg='cfg/yolov3.cfg', data='data/coco.data', weights='weights/yolov3-full-mAP53.3.weights', source='data/samples/c_test.mp4', output='results_analysis/output_original', img_size=416, conf_thres=0.3, nms_thres=0.5, fourcc='mp4v', half=False, device='0', view_img=False, model_label='Original YOLOv3')
Using CUDA device0 _CudaDeviceProperties(name='NVIDIA GeForce RTX 3060 Laptop GPU', total_memory=5906MB)

video 1/1 (1/1303) data/samples/c_test.mp4: Original YOLOv3 | FPS ==> (0.071)
video 1/1 (2/1303) data/samples/c_test.mp4: Original YOLOv3 | FPS ==> (48.601)
video 1/1 (3/1303) data/samples/c_test.mp4: Original YOLOv3 | FPS ==> (50.623)
video 1/1 (4/1303) data/samples/c_test.mp4: Original YOLOv3 | FPS ==> (50.640)
video 1/1 (5/1303) data/samples/c_test.mp4: Original YOLOv3 | FPS ==> (49.926)
video 1/1 (6/1303) data/samples/c_test.mp4: Original YOLOv3 | FPS ==> (54.135)
video 1/1 (7/1303) data/samples/c_test.mp4: Original YOLOv3 | FPS ==> (50.009)
video 1/1 (8/1303) data/samples/c_test.mp4: Original YOLOv3 | FPS ==> (52.574)
video 1/1 (9/1303) data/samples/c_test.mp4: Original YOLOv3 | FPS ==> (53.540)
video 1/1 (10/1303) data/samples/c_test.mp4: Original YOLOv3 | FPS ==> (53.484)
video 1/1 (11/1303) data/samples/c_test.mp4: Original YOLOv3 | FPS ==> (51.152)
video 1/1 (12/1303) data/samples/c_test.mp4: Original YOLOv3 | FPS ==> (51.198)
video 1/1 (13/1303) data/samples/c_test.mp4: Original YOLOv3 | FPS ==> (52.739)
video 1/1 (14/1303) data/samples/c_test.mp4: Original YOLOv3 | FPS ==> (51.001)
video 1/1 (15/1303) data/samples/c_test.mp4: Original YOLOv3 | FPS ==> (48.501)
video 1/1 (16/1303) data/samples/c_test.mp4: Original YOLOv3 | FPS ==> (51.594)
video 1/1 (17/1303) data/samples/c_test.mp4: Original YOLOv3 | FPS ==> (54.394)
video 1/1 (18/1303) data/samples/c_test.mp4: Original YOLOv3 | FPS ==> (54.760)
video 1/1 (19/1303) data/samples/c_test.mp4: Original YOLOv3 | FPS ==> (54.835)
video 1/1 (20/1303) data/samples/c_test.mp4: Original YOLOv3 | FPS ==> (55.485)
video 1/1 (21/1303) data/samples/c_test.mp4: Original YOLOv3 | FPS ==> (53.032)
video 1/1 (22/1303) data/samples/c_test.mp4: Original YOLOv3 | FPS ==> (57.263)
video 1/1 (23/1303) data/samples/c_test.mp4: Original YOLOv3 | FPS ==> (57.216)
video 1/1 (24/1303) data/samples/c_test.mp4: Original YOLOv3 | FPS ==> (62.009)
video 1/1 (25/1303) data/samples/c_test.mp4: Original YOLOv3 | FPS ==> (58.676)
video 1/1 (26/1303) data/samples/c_test.mp4: Original YOLOv3 | FPS ==> (60.585)
video 1/1 (27/1303) data/samples/c_test.mp4: Original YOLOv3 | FPS ==> (63.371)
video 1/1 (28/1303) data/samples/c_test.mp4: Original YOLOv3 | FPS ==> (60.362)
video 1/1 (29/1303) data/samples/c_test.mp4: Original YOLOv3 | FPS ==> (59.510)
video 1/1 (30/1303) data/samples/c_test.mp4: Original YOLOv3 | FPS ==> (66.943)
video 1/1 (31/1303) data/samples/c_test.mp4: Original YOLOv3 | FPS ==> (64.593)
video 1/1 (32/1303) data/samples/c_test.mp4: Original YOLOv3 | FPS ==> (59.860)
video 1/1 (33/1303) data/samples/c_test.mp4: Original YOLOv3 | FPS ==> (61.646)
video 1/1 (34/1303) data/samples/c_test.mp4: Original YOLOv3 | FPS ==> (64.372)
video 1/1 (35/1303) data/samples/c_test.mp4: Original YOLOv3 | FPS ==> (66.077)
video 1/1 (36/1303) data/samples/c_test.mp4: Original YOLOv3 | FPS ==> (71.443)
video 1/1 (37/1303) data/samples/c_test.mp4: Original YOLOv3 | FPS ==> (67.360)
video 1/1 (38/1303) data/samples/c_test.mp4: Original YOLOv3 | FPS ==> (68.596)
video 1/1 (39/1303) data/samples/c_test.mp4: Original YOLOv3 | FPS ==> (64.058)
video 1/1 (40/1303) data/samples/c_test.mp4: Original YOLOv3 | FPS ==> (67.122)
video 1/1 (41/1303) data/samples/c_test.mp4: Original YOLOv3 | FPS ==> (69.920)
video 1/1 (42/1303) data/samples/c_test.mp4: Original YOLOv3 | FPS ==> (69.784)
video 1/1 (43/1303) data/samples/c_test.mp4: Original YOLOv3 | FPS ==> (69.440)
video 1/1 (44/1303) data/samples/c_test.mp4: Original YOLOv3 | FPS ==> (67.410)
video 1/1 (45/1303) data/samples/c_test.mp4: Original YOLOv3 | FPS ==> (66.845)
video 1/1 (46/1303) data/samples/c_test.mp4: Original YOLOv3 | FPS ==> (77.023)
video 1/1 (47/1303) data/samples/c_test.mp4: Original YOLOv3 | FPS ==> (72.283)
video 1/1 (48/1303) data/samples/c_test.mp4: Original YOLOv3 | FPS ==> (75.438)
video 1/1 (49/1303) data/samples/c_test.mp4: Original YOLOv3 | FPS ==> (77.374)
video 1/1 (50/1303) data/samples/c_test.mp4: Original YOLOv3 | FPS ==> (74.193)
video 1/1 (51/1303) data/samples/c_test.mp4: Original YOLOv3 | FPS ==> (79.860)
video 1/1 (52/1303) data/samples/c_test.mp4: Original YOLOv3 | FPS ==> (80.874)
video 1/1 (53/1303) data/samples/c_test.mp4: Original YOLOv3 | FPS ==> (84.763)
video 1/1 (54/1303) data/samples/c_test.mp4: Original YOLOv3 | FPS ==> (85.084)
video 1/1 (55/1303) data/samples/c_test.mp4: Original YOLOv3 | FPS ==> (84.573)
video 1/1 (56/1303) data/samples/c_test.mp4: Original YOLOv3 | FPS ==> (72.572)
video 1/1 (57/1303) data/samples/c_test.mp4: Original YOLOv3 | FPS ==> (73.925)
video 1/1 (58/1303) data/samples/c_test.mp4: Original YOLOv3 | FPS ==> (73.202)
video 1/1 (59/1303) data/samples/c_test.mp4: Original YOLOv3 | FPS ==> (76.188)
video 1/1 (60/1303) data/samples/c_test.mp4: Original YOLOv3 | FPS ==> (73.363)
video 1/1 (61/1303) data/samples/c_test.mp4: Original YOLOv3 | FPS ==> (65.484)
video 1/1 (62/1303) data/samples/c_test.mp4: Original YOLOv3 | FPS ==> (68.343)
video 1/1 (63/1303) data/samples/c_test.mp4: Original YOLOv3 | FPS ==> (69.000)
video 1/1 (64/1303) data/samples/c_test.mp4: Original YOLOv3 | FPS ==> (68.794)
video 1/1 (65/1303) data/samples/c_test.mp4: Original YOLOv3 | FPS ==> (67.417)
video 1/1 (66/1303) data/samples/c_test.mp4: Original YOLOv3 | FPS ==> (71.688)
video 1/1 (67/1303) data/samples/c_test.mp4: Original YOLOv3 | FPS ==> (67.001)
video 1/1 (68/1303) data/samples/c_test.mp4: Original YOLOv3 | FPS ==> (73.332)
video 1/1 (69/1303) data/samples/c_test.mp4: Original YOLOv3 | FPS ==> (76.803)
video 1/1 (70/1303) data/samples/c_test.mp4: Original YOLOv3 | FPS ==> (81.051)
video 1/1 (71/1303) data/samples/c_test.mp4: Original YOLOv3 | FPS ==> (79.065)
video 1/1 (72/1303) data/samples/c_test.mp4: Original YOLOv3 | FPS ==> (79.105)
video 1/1 (73/1303) data/samples/c_test.mp4: Original YOLOv3 | FPS ==> (74.737)
video 1/1 (74/1303) data/samples/c_test.mp4: Original YOLOv3 | FPS ==> (73.228)
video 1/1 (75/1303) data/samples/c_test.mp4: Original YOLOv3 | FPS ==> (72.882)
video 1/1 (76/1303) data/samples/c_test.mp4: Original YOLOv3 | FPS ==> (70.137)
video 1/1 (77/1303) data/samples/c_test.mp4: Original YOLOv3 | FPS ==> (66.676)
video 1/1 (78/1303) data/samples/c_test.mp4: Original YOLOv3 | FPS ==> (73.194)
video 1/1 (79/1303) data/samples/c_test.mp4: Original YOLOv3 | FPS ==> (71.956)
video 1/1 (80/1303) data/samples/c_test.mp4: Original YOLOv3 | FPS ==> (81.065)
video 1/1 (81/1303) data/samples/c_test.mp4: Original YOLOv3 | FPS ==> (75.759)
video 1/1 (82/1303) data/samples/c_test.mp4: Original YOLOv3 | FPS ==> (74.576)
video 1/1 (83/1303) data/samples/c_test.mp4: Original YOLOv3 | FPS ==> (68.366)
video 1/1 (84/1303) data/samples/c_test.mp4: Original YOLOv3 | FPS ==> (73.993)
video 1/1 (85/1303) data/samples/c_test.mp4: Original YOLOv3 | FPS ==> (74.730)
video 1/1 (86/1303) data/samples/c_test.mp4: Original YOLOv3 | FPS ==> (74.271)
video 1/1 (87/1303) data/samples/c_test.mp4: Original YOLOv3 | FPS ==> (72.021)
video 1/1 (88/1303) data/samples/c_test.mp4: Original YOLOv3 | FPS ==> (71.604)
video 1/1 (89/1303) data/samples/c_test.mp4: Original YOLOv3 | FPS ==> (71.343)
video 1/1 (90/1303) data/samples/c_test.mp4: Original YOLOv3 | FPS ==> (65.623)
video 1/1 (91/1303) data/samples/c_test.mp4: Original YOLOv3 | FPS ==> (64.263)
video 1/1 (92/1303) data/samples/c_test.mp4: Original YOLOv3 | FPS ==> (62.436)
video 1/1 (93/1303) data/samples/c_test.mp4: Original YOLOv3 | FPS ==> (62.431)
video 1/1 (94/1303) data/samples/c_test.mp4: Original YOLOv3 | FPS ==> (71.968)
video 1/1 (95/1303) data/samples/c_test.mp4: Original YOLOv3 | FPS ==> (72.089)
video 1/1 (96/1303) data/samples/c_test.mp4: Original YOLOv3 | FPS ==> (69.295)
video 1/1 (97/1303) data/samples/c_test.mp4: Original YOLOv3 | FPS ==> (69.427)
video 1/1 (98/1303) data/samples/c_test.mp4: Original YOLOv3 | FPS ==> (74.099)
video 1/1 (99/1303) data/samples/c_test.mp4: Original YOLOv3 | FPS ==> (69.022)
video 1/1 (100/1303) data/samples/c_test.mp4: Original YOLOv3 | FPS ==> (72.815)
video 1/1 (101/1303) data/samples/c_test.mp4: Original YOLOv3 | FPS ==> (76.200)
video 1/1 (102/1303) data/samples/c_test.mp4: Original YOLOv3 | FPS ==> (76.692)
video 1/1 (103/1303) data/samples/c_test.mp4: Original YOLOv3 | FPS ==> (55.958)
video 1/1 (104/1303) data/samples/c_test.mp4: Original YOLOv3 | FPS ==> (55.095)
video 1/1 (105/1303) data/samples/c_test.mp4: Original YOLOv3 | FPS ==> (54.807)
video 1/1 (106/1303) data/samples/c_test.mp4: Original YOLOv3 | FPS ==> (56.166)
video 1/1 (107/1303) data/samples/c_test.mp4: Original YOLOv3 | FPS ==> (56.011)
video 1/1 (108/1303) data/samples/c_test.mp4: Original YOLOv3 | FPS ==> (56.259)
video 1/1 (109/1303) data/samples/c_test.mp4: Original YOLOv3 | FPS ==> (55.077)
video 1/1 (110/1303) data/samples/c_test.mp4: Original YOLOv3 | FPS ==> (56.171)
video 1/1 (111/1303) data/samples/c_test.mp4: Original YOLOv3 | FPS ==> (55.835)
video 1/1 (112/1303) data/samples/c_test.mp4: Original YOLOv3 | FPS ==> (55.077)
video 1/1 (113/1303) data/samples/c_test.mp4: Original YOLOv3 | FPS ==> (54.779)
video 1/1 (114/1303) data/samples/c_test.mp4: Original YOLOv3 | FPS ==> (52.848)
video 1/1 (115/1303) data/samples/c_test.mp4: Original YOLOv3 | FPS ==> (54.175)
video 1/1 (116/1303) data/samples/c_test.mp4: Original YOLOv3 | FPS ==> (56.291)
video 1/1 (117/1303) data/samples/c_test.mp4: Original YOLOv3 | FPS ==> (60.284)
video 1/1 (118/1303) data/samples/c_test.mp4: Original YOLOv3 | FPS ==> (59.093)
video 1/1 (119/1303) data/samples/c_test.mp4: Original YOLOv3 | FPS ==> (57.665)
video 1/1 (120/1303) data/samples/c_test.mp4: Original YOLOv3 | FPS ==> (57.753)
video 1/1 (121/1303) data/samples/c_test.mp4: Original YOLOv3 | FPS ==> (55.682)
video 1/1 (122/1303) data/samples/c_test.mp4: Original YOLOv3 | FPS ==> (57.806)
video 1/1 (123/1303) data/samples/c_test.mp4: Original YOLOv3 | FPS ==> (56.095)
video 1/1 (124/1303) data/samples/c_test.mp4: Original YOLOv3 | FPS ==> (54.896)
video 1/1 (125/1303) data/samples/c_test.mp4: Original YOLOv3 | FPS ==> (54.962)
video 1/1 (126/1303) data/samples/c_test.mp4: Original YOLOv3 | FPS ==> (53.118)
video 1/1 (127/1303) data/samples/c_test.mp4: Original YOLOv3 | FPS ==> (53.123)
video 1/1 (128/1303) data/samples/c_test.mp4: Original YOLOv3 | FPS ==> (53.542)
video 1/1 (129/1303) data/samples/c_test.mp4: Original YOLOv3 | FPS ==> (53.799)
video 1/1 (130/1303) data/samples/c_test.mp4: Original YOLOv3 | FPS ==> (54.025)
video 1/1 (131/1303) data/samples/c_test.mp4: Original YOLOv3 | FPS ==> (55.271)
video 1/1 (132/1303) data/samples/c_test.mp4: Original YOLOv3 | FPS ==> (54.772)
video 1/1 (133/1303) data/samples/c_test.mp4: Original YOLOv3 | FPS ==> (56.513)
video 1/1 (134/1303) data/samples/c_test.mp4: Original YOLOv3 | FPS ==> (56.632)
video 1/1 (135/1303) data/samples/c_test.mp4: Original YOLOv3 | FPS ==> (55.549)
video 1/1 (136/1303) data/samples/c_test.mp4: Original YOLOv3 | FPS ==> (56.114)
video 1/1 (137/1303) data/samples/c_test.mp4: Original YOLOv3 | FPS ==> (55.577)
video 1/1 (138/1303) data/samples/c_test.mp4: Original YOLOv3 | FPS ==> (51.545)
video 1/1 (139/1303) data/samples/c_test.mp4: Original YOLOv3 | FPS ==> (56.874)
video 1/1 (140/1303) data/samples/c_test.mp4: Original YOLOv3 | FPS ==> (51.467)
video 1/1 (141/1303) data/samples/c_test.mp4: Original YOLOv3 | FPS ==> (51.141)
video 1/1 (142/1303) data/samples/c_test.mp4: Original YOLOv3 | FPS ==> (54.871)
video 1/1 (143/1303) data/samples/c_test.mp4: Original YOLOv3 | FPS ==> (53.752)
video 1/1 (144/1303) data/samples/c_test.mp4: Original YOLOv3 | FPS ==> (53.243)
video 1/1 (145/1303) data/samples/c_test.mp4: Original YOLOv3 | FPS ==> (55.805)
video 1/1 (146/1303) data/samples/c_test.mp4: Original YOLOv3 | FPS ==> (54.362)
video 1/1 (147/1303) data/samples/c_test.mp4: Original YOLOv3 | FPS ==> (55.597)
video 1/1 (148/1303) data/samples/c_test.mp4: Original YOLOv3 | FPS ==> (53.959)
video 1/1 (149/1303) data/samples/c_test.mp4: Original YOLOv3 | FPS ==> (56.636)
video 1/1 (150/1303) data/samples/c_test.mp4: Original YOLOv3 | FPS ==> (64.471)
video 1/1 (151/1303) data/samples/c_test.mp4: Original YOLOv3 | FPS ==> (72.109)
video 1/1 (152/1303) data/samples/c_test.mp4: Original YOLOv3 | FPS ==> (72.846)
video 1/1 (153/1303) data/samples/c_test.mp4: Original YOLOv3 | FPS ==> (82.648)
video 1/1 (154/1303) data/samples/c_test.mp4: Original YOLOv3 | FPS ==> (69.812)
video 1/1 (155/1303) data/samples/c_test.mp4: Original YOLOv3 | FPS ==> (68.380)
video 1/1 (156/1303) data/samples/c_test.mp4: Original YOLOv3 | FPS ==> (69.784)
video 1/1 (157/1303) data/samples/c_test.mp4: Original YOLOv3 | FPS ==> (72.209)
video 1/1 (158/1303) data/samples/c_test.mp4: Original YOLOv3 | FPS ==> (72.216)
video 1/1 (159/1303) data/samples/c_test.mp4: Original YOLOv3 | FPS ==> (72.918)
video 1/1 (160/1303) data/samples/c_test.mp4: Original YOLOv3 | FPS ==> (83.936)
video 1/1 (161/1303) data/samples/c_test.mp4: Original YOLOv3 | FPS ==> (80.887)
video 1/1 (162/1303) data/samples/c_test.mp4: Original YOLOv3 | FPS ==> (81.369)
video 1/1 (163/1303) data/samples/c_test.mp4: Original YOLOv3 | FPS ==> (84.835)
video 1/1 (164/1303) data/samples/c_test.mp4: Original YOLOv3 | FPS ==> (85.445)
video 1/1 (165/1303) data/samples/c_test.mp4: Original YOLOv3 | FPS ==> (80.579)
video 1/1 (166/1303) data/samples/c_test.mp4: Original YOLOv3 | FPS ==> (80.881)
video 1/1 (167/1303) data/samples/c_test.mp4: Original YOLOv3 | FPS ==> (73.954)
video 1/1 (168/1303) data/samples/c_test.mp4: Original YOLOv3 | FPS ==> (83.871)
video 1/1 (169/1303) data/samples/c_test.mp4: Original YOLOv3 | FPS ==> (82.918)
video 1/1 (170/1303) data/samples/c_test.mp4: Original YOLOv3 | FPS ==> (83.429)
video 1/1 (171/1303) data/samples/c_test.mp4: Original YOLOv3 | FPS ==> (83.328)
video 1/1 (172/1303) data/samples/c_test.mp4: Original YOLOv3 | FPS ==> (88.514)
video 1/1 (173/1303) data/samples/c_test.mp4: Original YOLOv3 | FPS ==> (88.312)
video 1/1 (174/1303) data/samples/c_test.mp4: Original YOLOv3 | FPS ==> (89.025)
video 1/1 (175/1303) data/samples/c_test.mp4: Original YOLOv3 | FPS ==> (84.845)
video 1/1 (176/1303) data/samples/c_test.mp4: Original YOLOv3 | FPS ==> (88.960)
video 1/1 (177/1303) data/samples/c_test.mp4: Original YOLOv3 | FPS ==> (103.502)
video 1/1 (178/1303) data/samples/c_test.mp4: Original YOLOv3 | FPS ==> (104.476)
video 1/1 (179/1303) data/samples/c_test.mp4: Original YOLOv3 | FPS ==> (85.160)
video 1/1 (180/1303) data/samples/c_test.mp4: Original YOLOv3 | FPS ==> (84.662)
video 1/1 (181/1303) data/samples/c_test.mp4: Original YOLOv3 | FPS ==> (83.368)
video 1/1 (182/1303) data/samples/c_test.mp4: Original YOLOv3 | FPS ==> (78.611)
video 1/1 (183/1303) data/samples/c_test.mp4: Original YOLOv3 | FPS ==> (77.766)
video 1/1 (184/1303) data/samples/c_test.mp4: Original YOLOv3 | FPS ==> (84.785)
video 1/1 (185/1303) data/samples/c_test.mp4: Original YOLOv3 | FPS ==> (84.686)
video 1/1 (186/1303) data/samples/c_test.mp4: Original YOLOv3 | FPS ==> (84.708)
video 1/1 (187/1303) data/samples/c_test.mp4: Original YOLOv3 | FPS ==> (80.688)
video 1/1 (188/1303) data/samples/c_test.mp4: Original YOLOv3 | FPS ==> (81.512)
video 1/1 (189/1303) data/samples/c_test.mp4: Original YOLOv3 | FPS ==> (79.557)
video 1/1 (190/1303) data/samples/c_test.mp4: Original YOLOv3 | FPS ==> (84.477)
video 1/1 (191/1303) data/samples/c_test.mp4: Original YOLOv3 | FPS ==> (83.382)
video 1/1 (192/1303) data/samples/c_test.mp4: Original YOLOv3 | FPS ==> (80.134)
video 1/1 (193/1303) data/samples/c_test.mp4: Original YOLOv3 | FPS ==> (83.512)
video 1/1 (194/1303) data/samples/c_test.mp4: Original YOLOv3 | FPS ==> (84.130)
video 1/1 (195/1303) data/samples/c_test.mp4: Original YOLOv3 | FPS ==> (78.876)
video 1/1 (196/1303) data/samples/c_test.mp4: Original YOLOv3 | FPS ==> (84.530)
video 1/1 (197/1303) data/samples/c_test.mp4: Original YOLOv3 | FPS ==> (80.032)
video 1/1 (198/1303) data/samples/c_test.mp4: Original YOLOv3 | FPS ==> (81.272)
video 1/1 (199/1303) data/samples/c_test.mp4: Original YOLOv3 | FPS ==> (79.520)
video 1/1 (200/1303) data/samples/c_test.mp4: Original YOLOv3 | FPS ==> (78.464)
video 1/1 (201/1303) data/samples/c_test.mp4: Original YOLOv3 | FPS ==> (85.307)
video 1/1 (202/1303) data/samples/c_test.mp4: Original YOLOv3 | FPS ==> (87.247)
video 1/1 (203/1303) data/samples/c_test.mp4: Original YOLOv3 | FPS ==> (79.717)
video 1/1 (204/1303) data/samples/c_test.mp4: Original YOLOv3 | FPS ==> (81.137)
video 1/1 (205/1303) data/samples/c_test.mp4: Original YOLOv3 | FPS ==> (85.726)
video 1/1 (206/1303) data/samples/c_test.mp4: Original YOLOv3 | FPS ==> (88.555)
video 1/1 (207/1303) data/samples/c_test.mp4: Original YOLOv3 | FPS ==> (88.985)
video 1/1 (208/1303) data/samples/c_test.mp4: Original YOLOv3 | FPS ==> (86.505)
video 1/1 (209/1303) data/samples/c_test.mp4: Original YOLOv3 | FPS ==> (85.025)
video 1/1 (210/1303) data/samples/c_test.mp4: Original YOLOv3 | FPS ==> (85.177)
video 1/1 (211/1303) data/samples/c_test.mp4: Original YOLOv3 | FPS ==> (83.821)
video 1/1 (212/1303) data/samples/c_test.mp4: Original YOLOv3 | FPS ==> (80.468)
video 1/1 (213/1303) data/samples/c_test.mp4: Original YOLOv3 | FPS ==> (85.089)
video 1/1 (214/1303) data/samples/c_test.mp4: Original YOLOv3 | FPS ==> (84.537)
video 1/1 (215/1303) data/samples/c_test.mp4: Original YOLOv3 | FPS ==> (76.806)
video 1/1 (216/1303) data/samples/c_test.mp4: Original YOLOv3 | FPS ==> (83.948)
video 1/1 (217/1303) data/samples/c_test.mp4: Original YOLOv3 | FPS ==> (81.530)
video 1/1 (218/1303) data/samples/c_test.mp4: Original YOLOv3 | FPS ==> (88.842)
video 1/1 (219/1303) data/samples/c_test.mp4: Original YOLOv3 | FPS ==> (88.635)
video 1/1 (220/1303) data/samples/c_test.mp4: Original YOLOv3 | FPS ==> (68.348)
video 1/1 (221/1303) data/samples/c_test.mp4: Original YOLOv3 | FPS ==> (53.634)
video 1/1 (222/1303) data/samples/c_test.mp4: Original YOLOv3 | FPS ==> (58.398)
video 1/1 (223/1303) data/samples/c_test.mp4: Original YOLOv3 | FPS ==> (58.808)
video 1/1 (224/1303) data/samples/c_test.mp4: Original YOLOv3 | FPS ==> (59.392)
video 1/1 (225/1303) data/samples/c_test.mp4: Original YOLOv3 | FPS ==> (59.909)
video 1/1 (226/1303) data/samples/c_test.mp4: Original YOLOv3 | FPS ==> (60.111)
video 1/1 (227/1303) data/samples/c_test.mp4: Original YOLOv3 | FPS ==> (59.637)
video 1/1 (228/1303) data/samples/c_test.mp4: Original YOLOv3 | FPS ==> (59.671)
video 1/1 (229/1303) data/samples/c_test.mp4: Original YOLOv3 | FPS ==> (59.076)
video 1/1 (230/1303) data/samples/c_test.mp4: Original YOLOv3 | FPS ==> (58.228)
video 1/1 (231/1303) data/samples/c_test.mp4: Original YOLOv3 | FPS ==> (58.500)
video 1/1 (232/1303) data/samples/c_test.mp4: Original YOLOv3 | FPS ==> (57.455)
video 1/1 (233/1303) data/samples/c_test.mp4: Original YOLOv3 | FPS ==> (58.017)
video 1/1 (234/1303) data/samples/c_test.mp4: Original YOLOv3 | FPS ==> (56.191)
video 1/1 (235/1303) data/samples/c_test.mp4: Original YOLOv3 | FPS ==> (57.741)
video 1/1 (236/1303) data/samples/c_test.mp4: Original YOLOv3 | FPS ==> (53.972)
video 1/1 (237/1303) data/samples/c_test.mp4: Original YOLOv3 | FPS ==> (54.747)
video 1/1 (238/1303) data/samples/c_test.mp4: Original YOLOv3 | FPS ==> (55.019)
video 1/1 (239/1303) data/samples/c_test.mp4: Original YOLOv3 | FPS ==> (53.895)
video 1/1 (240/1303) data/samples/c_test.mp4: Original YOLOv3 | FPS ==> (55.262)
video 1/1 (241/1303) data/samples/c_test.mp4: Original YOLOv3 | FPS ==> (55.834)
video 1/1 (242/1303) data/samples/c_test.mp4: Original YOLOv3 | FPS ==> (55.361)
video 1/1 (243/1303) data/samples/c_test.mp4: Original YOLOv3 | FPS ==> (57.515)
video 1/1 (244/1303) data/samples/c_test.mp4: Original YOLOv3 | FPS ==> (56.606)
video 1/1 (245/1303) data/samples/c_test.mp4: Original YOLOv3 | FPS ==> (55.875)
video 1/1 (246/1303) data/samples/c_test.mp4: Original YOLOv3 | FPS ==> (55.106)
video 1/1 (247/1303) data/samples/c_test.mp4: Original YOLOv3 | FPS ==> (55.025)
video 1/1 (248/1303) data/samples/c_test.mp4: Original YOLOv3 | FPS ==> (54.780)
video 1/1 (249/1303) data/samples/c_test.mp4: Original YOLOv3 | FPS ==> (54.828)
video 1/1 (250/1303) data/samples/c_test.mp4: Original YOLOv3 | FPS ==> (53.772)
video 1/1 (251/1303) data/samples/c_test.mp4: Original YOLOv3 | FPS ==> (54.615)
video 1/1 (252/1303) data/samples/c_test.mp4: Original YOLOv3 | FPS ==> (54.894)
video 1/1 (253/1303) data/samples/c_test.mp4: Original YOLOv3 | FPS ==> (54.802)
video 1/1 (254/1303) data/samples/c_test.mp4: Original YOLOv3 | FPS ==> (58.870)
video 1/1 (255/1303) data/samples/c_test.mp4: Original YOLOv3 | FPS ==> (56.325)
video 1/1 (256/1303) data/samples/c_test.mp4: Original YOLOv3 | FPS ==> (55.086)
video 1/1 (257/1303) data/samples/c_test.mp4: Original YOLOv3 | FPS ==> (55.471)
video 1/1 (258/1303) data/samples/c_test.mp4: Original YOLOv3 | FPS ==> (56.399)
video 1/1 (259/1303) data/samples/c_test.mp4: Original YOLOv3 | FPS ==> (56.296)
video 1/1 (260/1303) data/samples/c_test.mp4: Original YOLOv3 | FPS ==> (57.467)
video 1/1 (261/1303) data/samples/c_test.mp4: Original YOLOv3 | FPS ==> (55.776)
video 1/1 (262/1303) data/samples/c_test.mp4: Original YOLOv3 | FPS ==> (54.557)
video 1/1 (263/1303) data/samples/c_test.mp4: Original YOLOv3 | FPS ==> (54.438)
video 1/1 (264/1303) data/samples/c_test.mp4: Original YOLOv3 | FPS ==> (55.289)
video 1/1 (265/1303) data/samples/c_test.mp4: Original YOLOv3 | FPS ==> (53.002)
video 1/1 (266/1303) data/samples/c_test.mp4: Original YOLOv3 | FPS ==> (52.538)
video 1/1 (267/1303) data/samples/c_test.mp4: Original YOLOv3 | FPS ==> (56.268)
video 1/1 (268/1303) data/samples/c_test.mp4: Original YOLOv3 | FPS ==> (56.020)
video 1/1 (269/1303) data/samples/c_test.mp4: Original YOLOv3 | FPS ==> (55.541)
video 1/1 (270/1303) data/samples/c_test.mp4: Original YOLOv3 | FPS ==> (54.891)
video 1/1 (271/1303) data/samples/c_test.mp4: Original YOLOv3 | FPS ==> (57.187)
video 1/1 (272/1303) data/samples/c_test.mp4: Original YOLOv3 | FPS ==> (57.041)
video 1/1 (273/1303) data/samples/c_test.mp4: Original YOLOv3 | FPS ==> (57.666)
video 1/1 (274/1303) data/samples/c_test.mp4: Original YOLOv3 | FPS ==> (55.507)
video 1/1 (275/1303) data/samples/c_test.mp4: Original YOLOv3 | FPS ==> (59.282)
video 1/1 (276/1303) data/samples/c_test.mp4: Original YOLOv3 | FPS ==> (56.315)
video 1/1 (277/1303) data/samples/c_test.mp4: Original YOLOv3 | FPS ==> (56.268)
video 1/1 (278/1303) data/samples/c_test.mp4: Original YOLOv3 | FPS ==> (56.364)
video 1/1 (279/1303) data/samples/c_test.mp4: Original YOLOv3 | FPS ==> (56.757)
video 1/1 (280/1303) data/samples/c_test.mp4: Original YOLOv3 | FPS ==> (54.537)
video 1/1 (281/1303) data/samples/c_test.mp4: Original YOLOv3 | FPS ==> (58.031)
video 1/1 (282/1303) data/samples/c_test.mp4: Original YOLOv3 | FPS ==> (58.703)
video 1/1 (283/1303) data/samples/c_test.mp4: Original YOLOv3 | FPS ==> (55.482)
video 1/1 (284/1303) data/samples/c_test.mp4: Original YOLOv3 | FPS ==> (55.781)
video 1/1 (285/1303) data/samples/c_test.mp4: Original YOLOv3 | FPS ==> (62.927)
video 1/1 (286/1303) data/samples/c_test.mp4: Original YOLOv3 | FPS ==> (64.486)
video 1/1 (287/1303) data/samples/c_test.mp4: Original YOLOv3 | FPS ==> (64.474)
video 1/1 (288/1303) data/samples/c_test.mp4: Original YOLOv3 | FPS ==> (59.534)
video 1/1 (289/1303) data/samples/c_test.mp4: Original YOLOv3 | FPS ==> (61.528)
video 1/1 (290/1303) data/samples/c_test.mp4: Original YOLOv3 | FPS ==> (62.358)
video 1/1 (291/1303) data/samples/c_test.mp4: Original YOLOv3 | FPS ==> (60.853)
video 1/1 (292/1303) data/samples/c_test.mp4: Original YOLOv3 | FPS ==> (61.559)
video 1/1 (293/1303) data/samples/c_test.mp4: Original YOLOv3 | FPS ==> (61.458)
video 1/1 (294/1303) data/samples/c_test.mp4: Original YOLOv3 | FPS ==> (61.947)
video 1/1 (295/1303) data/samples/c_test.mp4: Original YOLOv3 | FPS ==> (61.419)
video 1/1 (296/1303) data/samples/c_test.mp4: Original YOLOv3 | FPS ==> (61.612)
video 1/1 (297/1303) data/samples/c_test.mp4: Original YOLOv3 | FPS ==> (61.536)
video 1/1 (298/1303) data/samples/c_test.mp4: Original YOLOv3 | FPS ==> (61.618)
video 1/1 (299/1303) data/samples/c_test.mp4: Original YOLOv3 | FPS ==> (61.321)
video 1/1 (300/1303) data/samples/c_test.mp4: Original YOLOv3 | FPS ==> (59.481)
video 1/1 (301/1303) data/samples/c_test.mp4: Original YOLOv3 | FPS ==> (55.735)
video 1/1 (302/1303) data/samples/c_test.mp4: Original YOLOv3 | FPS ==> (59.848)
video 1/1 (303/1303) data/samples/c_test.mp4: Original YOLOv3 | FPS ==> (59.927)
video 1/1 (304/1303) data/samples/c_test.mp4: Original YOLOv3 | FPS ==> (65.266)
video 1/1 (305/1303) data/samples/c_test.mp4: Original YOLOv3 | FPS ==> (62.153)
video 1/1 (306/1303) data/samples/c_test.mp4: Original YOLOv3 | FPS ==> (62.108)
video 1/1 (307/1303) data/samples/c_test.mp4: Original YOLOv3 | FPS ==> (59.940)
video 1/1 (308/1303) data/samples/c_test.mp4: Original YOLOv3 | FPS ==> (62.660)
video 1/1 (309/1303) data/samples/c_test.mp4: Original YOLOv3 | FPS ==> (62.420)
video 1/1 (310/1303) data/samples/c_test.mp4: Original YOLOv3 | FPS ==> (62.308)
video 1/1 (311/1303) data/samples/c_test.mp4: Original YOLOv3 | FPS ==> (67.330)
video 1/1 (312/1303) data/samples/c_test.mp4: Original YOLOv3 | FPS ==> (67.270)
video 1/1 (313/1303) data/samples/c_test.mp4: Original YOLOv3 | FPS ==> (59.194)
video 1/1 (314/1303) data/samples/c_test.mp4: Original YOLOv3 | FPS ==> (67.103)
video 1/1 (315/1303) data/samples/c_test.mp4: Original YOLOv3 | FPS ==> (66.518)
video 1/1 (316/1303) data/samples/c_test.mp4: Original YOLOv3 | FPS ==> (64.452)
video 1/1 (317/1303) data/samples/c_test.mp4: Original YOLOv3 | FPS ==> (67.731)
video 1/1 (318/1303) data/samples/c_test.mp4: Original YOLOv3 | FPS ==> (67.294)
video 1/1 (319/1303) data/samples/c_test.mp4: Original YOLOv3 | FPS ==> (64.966)
video 1/1 (320/1303) data/samples/c_test.mp4: Original YOLOv3 | FPS ==> (66.103)
video 1/1 (321/1303) data/samples/c_test.mp4: Original YOLOv3 | FPS ==> (70.003)
video 1/1 (322/1303) data/samples/c_test.mp4: Original YOLOv3 | FPS ==> (72.646)
video 1/1 (323/1303) data/samples/c_test.mp4: Original YOLOv3 | FPS ==> (70.745)
video 1/1 (324/1303) data/samples/c_test.mp4: Original YOLOv3 | FPS ==> (68.366)
video 1/1 (325/1303) data/samples/c_test.mp4: Original YOLOv3 | FPS ==> (72.890)
video 1/1 (326/1303) data/samples/c_test.mp4: Original YOLOv3 | FPS ==> (73.225)
video 1/1 (327/1303) data/samples/c_test.mp4: Original YOLOv3 | FPS ==> (71.696)
video 1/1 (328/1303) data/samples/c_test.mp4: Original YOLOv3 | FPS ==> (70.032)
video 1/1 (329/1303) data/samples/c_test.mp4: Original YOLOv3 | FPS ==> (68.650)
video 1/1 (330/1303) data/samples/c_test.mp4: Original YOLOv3 | FPS ==> (68.851)
video 1/1 (331/1303) data/samples/c_test.mp4: Original YOLOv3 | FPS ==> (69.295)
video 1/1 (332/1303) data/samples/c_test.mp4: Original YOLOv3 | FPS ==> (71.644)
video 1/1 (333/1303) data/samples/c_test.mp4: Original YOLOv3 | FPS ==> (71.878)
video 1/1 (334/1303) data/samples/c_test.mp4: Original YOLOv3 | FPS ==> (66.211)
video 1/1 (335/1303) data/samples/c_test.mp4: Original YOLOv3 | FPS ==> (63.236)
video 1/1 (336/1303) data/samples/c_test.mp4: Original YOLOv3 | FPS ==> (67.654)
video 1/1 (337/1303) data/samples/c_test.mp4: Original YOLOv3 | FPS ==> (75.714)
video 1/1 (338/1303) data/samples/c_test.mp4: Original YOLOv3 | FPS ==> (71.718)
video 1/1 (339/1303) data/samples/c_test.mp4: Original YOLOv3 | FPS ==> (71.209)
video 1/1 (340/1303) data/samples/c_test.mp4: Original YOLOv3 | FPS ==> (72.283)
video 1/1 (341/1303) data/samples/c_test.mp4: Original YOLOv3 | FPS ==> (64.743)
video 1/1 (342/1303) data/samples/c_test.mp4: Original YOLOv3 | FPS ==> (64.566)
video 1/1 (343/1303) data/samples/c_test.mp4: Original YOLOv3 | FPS ==> (63.085)
video 1/1 (344/1303) data/samples/c_test.mp4: Original YOLOv3 | FPS ==> (68.625)
video 1/1 (345/1303) data/samples/c_test.mp4: Original YOLOv3 | FPS ==> (67.541)
video 1/1 (346/1303) data/samples/c_test.mp4: Original YOLOv3 | FPS ==> (66.755)
video 1/1 (347/1303) data/samples/c_test.mp4: Original YOLOv3 | FPS ==> (66.818)
video 1/1 (348/1303) data/samples/c_test.mp4: Original YOLOv3 | FPS ==> (68.467)
video 1/1 (349/1303) data/samples/c_test.mp4: Original YOLOv3 | FPS ==> (67.415)
video 1/1 (350/1303) data/samples/c_test.mp4: Original YOLOv3 | FPS ==> (73.305)
video 1/1 (351/1303) data/samples/c_test.mp4: Original YOLOv3 | FPS ==> (68.918)
video 1/1 (352/1303) data/samples/c_test.mp4: Original YOLOv3 | FPS ==> (66.879)
video 1/1 (353/1303) data/samples/c_test.mp4: Original YOLOv3 | FPS ==> (69.427)
video 1/1 (354/1303) data/samples/c_test.mp4: Original YOLOv3 | FPS ==> (68.790)
video 1/1 (355/1303) data/samples/c_test.mp4: Original YOLOv3 | FPS ==> (70.465)
video 1/1 (356/1303) data/samples/c_test.mp4: Original YOLOv3 | FPS ==> (64.805)
video 1/1 (357/1303) data/samples/c_test.mp4: Original YOLOv3 | FPS ==> (64.374)
video 1/1 (358/1303) data/samples/c_test.mp4: Original YOLOv3 | FPS ==> (68.218)
video 1/1 (359/1303) data/samples/c_test.mp4: Original YOLOv3 | FPS ==> (67.248)
video 1/1 (360/1303) data/samples/c_test.mp4: Original YOLOv3 | FPS ==> (67.766)
video 1/1 (361/1303) data/samples/c_test.mp4: Original YOLOv3 | FPS ==> (70.940)
video 1/1 (362/1303) data/samples/c_test.mp4: Original YOLOv3 | FPS ==> (67.361)
video 1/1 (363/1303) data/samples/c_test.mp4: Original YOLOv3 | FPS ==> (71.180)
video 1/1 (364/1303) data/samples/c_test.mp4: Original YOLOv3 | FPS ==> (65.819)
video 1/1 (365/1303) data/samples/c_test.mp4: Original YOLOv3 | FPS ==> (71.710)
video 1/1 (366/1303) data/samples/c_test.mp4: Original YOLOv3 | FPS ==> (67.916)
video 1/1 (367/1303) data/samples/c_test.mp4: Original YOLOv3 | FPS ==> (67.811)
video 1/1 (368/1303) data/samples/c_test.mp4: Original YOLOv3 | FPS ==> (58.100)
video 1/1 (369/1303) data/samples/c_test.mp4: Original YOLOv3 | FPS ==> (62.797)
video 1/1 (370/1303) data/samples/c_test.mp4: Original YOLOv3 | FPS ==> (68.889)
video 1/1 (371/1303) data/samples/c_test.mp4: Original YOLOv3 | FPS ==> (57.345)
video 1/1 (372/1303) data/samples/c_test.mp4: Original YOLOv3 | FPS ==> (58.812)
video 1/1 (373/1303) data/samples/c_test.mp4: Original YOLOv3 | FPS ==> (63.250)
video 1/1 (374/1303) data/samples/c_test.mp4: Original YOLOv3 | FPS ==> (72.868)
video 1/1 (375/1303) data/samples/c_test.mp4: Original YOLOv3 | FPS ==> (67.567)
video 1/1 (376/1303) data/samples/c_test.mp4: Original YOLOv3 | FPS ==> (63.776)
video 1/1 (377/1303) data/samples/c_test.mp4: Original YOLOv3 | FPS ==> (62.459)
video 1/1 (378/1303) data/samples/c_test.mp4: Original YOLOv3 | FPS ==> (67.801)
video 1/1 (379/1303) data/samples/c_test.mp4: Original YOLOv3 | FPS ==> (67.750)
video 1/1 (380/1303) data/samples/c_test.mp4: Original YOLOv3 | FPS ==> (68.934)
video 1/1 (381/1303) data/samples/c_test.mp4: Original YOLOv3 | FPS ==> (68.201)
video 1/1 (382/1303) data/samples/c_test.mp4: Original YOLOv3 | FPS ==> (66.664)
video 1/1 (383/1303) data/samples/c_test.mp4: Original YOLOv3 | FPS ==> (66.238)
video 1/1 (384/1303) data/samples/c_test.mp4: Original YOLOv3 | FPS ==> (67.862)
video 1/1 (385/1303) data/samples/c_test.mp4: Original YOLOv3 | FPS ==> (65.256)
video 1/1 (386/1303) data/samples/c_test.mp4: Original YOLOv3 | FPS ==> (69.652)
video 1/1 (387/1303) data/samples/c_test.mp4: Original YOLOv3 | FPS ==> (70.206)
video 1/1 (388/1303) data/samples/c_test.mp4: Original YOLOv3 | FPS ==> (60.647)
video 1/1 (389/1303) data/samples/c_test.mp4: Original YOLOv3 | FPS ==> (63.994)
video 1/1 (390/1303) data/samples/c_test.mp4: Original YOLOv3 | FPS ==> (62.779)
video 1/1 (391/1303) data/samples/c_test.mp4: Original YOLOv3 | FPS ==> (68.641)
video 1/1 (392/1303) data/samples/c_test.mp4: Original YOLOv3 | FPS ==> (60.362)
video 1/1 (393/1303) data/samples/c_test.mp4: Original YOLOv3 | FPS ==> (67.060)
video 1/1 (394/1303) data/samples/c_test.mp4: Original YOLOv3 | FPS ==> (67.318)
video 1/1 (395/1303) data/samples/c_test.mp4: Original YOLOv3 | FPS ==> (67.760)
video 1/1 (396/1303) data/samples/c_test.mp4: Original YOLOv3 | FPS ==> (68.957)
video 1/1 (397/1303) data/samples/c_test.mp4: Original YOLOv3 | FPS ==> (69.014)
video 1/1 (398/1303) data/samples/c_test.mp4: Original YOLOv3 | FPS ==> (70.146)
video 1/1 (399/1303) data/samples/c_test.mp4: Original YOLOv3 | FPS ==> (68.347)
video 1/1 (400/1303) data/samples/c_test.mp4: Original YOLOv3 | FPS ==> (71.761)
video 1/1 (401/1303) data/samples/c_test.mp4: Original YOLOv3 | FPS ==> (68.787)
video 1/1 (402/1303) data/samples/c_test.mp4: Original YOLOv3 | FPS ==> (75.730)
video 1/1 (403/1303) data/samples/c_test.mp4: Original YOLOv3 | FPS ==> (82.375)
video 1/1 (404/1303) data/samples/c_test.mp4: Original YOLOv3 | FPS ==> (77.677)
video 1/1 (405/1303) data/samples/c_test.mp4: Original YOLOv3 | FPS ==> (77.867)
video 1/1 (406/1303) data/samples/c_test.mp4: Original YOLOv3 | FPS ==> (83.505)
video 1/1 (407/1303) data/samples/c_test.mp4: Original YOLOv3 | FPS ==> (82.783)
video 1/1 (408/1303) data/samples/c_test.mp4: Original YOLOv3 | FPS ==> (82.544)
video 1/1 (409/1303) data/samples/c_test.mp4: Original YOLOv3 | FPS ==> (79.019)
video 1/1 (410/1303) data/samples/c_test.mp4: Original YOLOv3 | FPS ==> (83.619)
video 1/1 (411/1303) data/samples/c_test.mp4: Original YOLOv3 | FPS ==> (79.083)
video 1/1 (412/1303) data/samples/c_test.mp4: Original YOLOv3 | FPS ==> (77.792)
video 1/1 (413/1303) data/samples/c_test.mp4: Original YOLOv3 | FPS ==> (88.149)
video 1/1 (414/1303) data/samples/c_test.mp4: Original YOLOv3 | FPS ==> (87.167)
video 1/1 (415/1303) data/samples/c_test.mp4: Original YOLOv3 | FPS ==> (82.072)
video 1/1 (416/1303) data/samples/c_test.mp4: Original YOLOv3 | FPS ==> (78.038)
video 1/1 (417/1303) data/samples/c_test.mp4: Original YOLOv3 | FPS ==> (78.541)
video 1/1 (418/1303) data/samples/c_test.mp4: Original YOLOv3 | FPS ==> (82.713)
video 1/1 (419/1303) data/samples/c_test.mp4: Original YOLOv3 | FPS ==> (87.931)
video 1/1 (420/1303) data/samples/c_test.mp4: Original YOLOv3 | FPS ==> (77.595)
video 1/1 (421/1303) data/samples/c_test.mp4: Original YOLOv3 | FPS ==> (83.649)
video 1/1 (422/1303) data/samples/c_test.mp4: Original YOLOv3 | FPS ==> (80.105)
video 1/1 (423/1303) data/samples/c_test.mp4: Original YOLOv3 | FPS ==> (83.389)
video 1/1 (424/1303) data/samples/c_test.mp4: Original YOLOv3 | FPS ==> (79.017)
video 1/1 (425/1303) data/samples/c_test.mp4: Original YOLOv3 | FPS ==> (78.328)
video 1/1 (426/1303) data/samples/c_test.mp4: Original YOLOv3 | FPS ==> (79.404)
video 1/1 (427/1303) data/samples/c_test.mp4: Original YOLOv3 | FPS ==> (79.983)
video 1/1 (428/1303) data/samples/c_test.mp4: Original YOLOv3 | FPS ==> (79.864)
video 1/1 (429/1303) data/samples/c_test.mp4: Original YOLOv3 | FPS ==> (79.004)
video 1/1 (430/1303) data/samples/c_test.mp4: Original YOLOv3 | FPS ==> (78.788)
video 1/1 (431/1303) data/samples/c_test.mp4: Original YOLOv3 | FPS ==> (82.757)
video 1/1 (432/1303) data/samples/c_test.mp4: Original YOLOv3 | FPS ==> (83.702)
video 1/1 (433/1303) data/samples/c_test.mp4: Original YOLOv3 | FPS ==> (78.436)
video 1/1 (434/1303) data/samples/c_test.mp4: Original YOLOv3 | FPS ==> (84.111)
video 1/1 (435/1303) data/samples/c_test.mp4: Original YOLOv3 | FPS ==> (84.120)
video 1/1 (436/1303) data/samples/c_test.mp4: Original YOLOv3 | FPS ==> (82.689)
video 1/1 (437/1303) data/samples/c_test.mp4: Original YOLOv3 | FPS ==> (83.864)
video 1/1 (438/1303) data/samples/c_test.mp4: Original YOLOv3 | FPS ==> (79.289)
video 1/1 (439/1303) data/samples/c_test.mp4: Original YOLOv3 | FPS ==> (85.602)
video 1/1 (440/1303) data/samples/c_test.mp4: Original YOLOv3 | FPS ==> (84.691)
video 1/1 (441/1303) data/samples/c_test.mp4: Original YOLOv3 | FPS ==> (85.050)
video 1/1 (442/1303) data/samples/c_test.mp4: Original YOLOv3 | FPS ==> (79.298)
video 1/1 (443/1303) data/samples/c_test.mp4: Original YOLOv3 | FPS ==> (84.142)
video 1/1 (444/1303) data/samples/c_test.mp4: Original YOLOv3 | FPS ==> (85.399)
video 1/1 (445/1303) data/samples/c_test.mp4: Original YOLOv3 | FPS ==> (81.315)
video 1/1 (446/1303) data/samples/c_test.mp4: Original YOLOv3 | FPS ==> (84.370)
video 1/1 (447/1303) data/samples/c_test.mp4: Original YOLOv3 | FPS ==> (87.316)
video 1/1 (448/1303) data/samples/c_test.mp4: Original YOLOv3 | FPS ==> (86.550)
video 1/1 (449/1303) data/samples/c_test.mp4: Original YOLOv3 | FPS ==> (84.117)
video 1/1 (450/1303) data/samples/c_test.mp4: Original YOLOv3 | FPS ==> (84.638)
video 1/1 (451/1303) data/samples/c_test.mp4: Original YOLOv3 | FPS ==> (78.507)
video 1/1 (452/1303) data/samples/c_test.mp4: Original YOLOv3 | FPS ==> (84.096)
video 1/1 (453/1303) data/samples/c_test.mp4: Original YOLOv3 | FPS ==> (81.805)
video 1/1 (454/1303) data/samples/c_test.mp4: Original YOLOv3 | FPS ==> (74.292)
video 1/1 (455/1303) data/samples/c_test.mp4: Original YOLOv3 | FPS ==> (83.622)
video 1/1 (456/1303) data/samples/c_test.mp4: Original YOLOv3 | FPS ==> (83.334)
video 1/1 (457/1303) data/samples/c_test.mp4: Original YOLOv3 | FPS ==> (83.617)
video 1/1 (458/1303) data/samples/c_test.mp4: Original YOLOv3 | FPS ==> (82.687)
video 1/1 (459/1303) data/samples/c_test.mp4: Original YOLOv3 | FPS ==> (82.450)
video 1/1 (460/1303) data/samples/c_test.mp4: Original YOLOv3 | FPS ==> (81.522)
video 1/1 (461/1303) data/samples/c_test.mp4: Original YOLOv3 | FPS ==> (77.096)
video 1/1 (462/1303) data/samples/c_test.mp4: Original YOLOv3 | FPS ==> (73.292)
video 1/1 (463/1303) data/samples/c_test.mp4: Original YOLOv3 | FPS ==> (73.269)
video 1/1 (464/1303) data/samples/c_test.mp4: Original YOLOv3 | FPS ==> (84.776)
video 1/1 (465/1303) data/samples/c_test.mp4: Original YOLOv3 | FPS ==> (79.815)
video 1/1 (466/1303) data/samples/c_test.mp4: Original YOLOv3 | FPS ==> (80.415)
video 1/1 (467/1303) data/samples/c_test.mp4: Original YOLOv3 | FPS ==> (78.488)
video 1/1 (468/1303) data/samples/c_test.mp4: Original YOLOv3 | FPS ==> (76.303)
video 1/1 (469/1303) data/samples/c_test.mp4: Original YOLOv3 | FPS ==> (73.239)
video 1/1 (470/1303) data/samples/c_test.mp4: Original YOLOv3 | FPS ==> (69.609)
video 1/1 (471/1303) data/samples/c_test.mp4: Original YOLOv3 | FPS ==> (73.242)
video 1/1 (472/1303) data/samples/c_test.mp4: Original YOLOv3 | FPS ==> (75.701)
video 1/1 (473/1303) data/samples/c_test.mp4: Original YOLOv3 | FPS ==> (76.791)
video 1/1 (474/1303) data/samples/c_test.mp4: Original YOLOv3 | FPS ==> (68.520)
video 1/1 (475/1303) data/samples/c_test.mp4: Original YOLOv3 | FPS ==> (76.592)
video 1/1 (476/1303) data/samples/c_test.mp4: Original YOLOv3 | FPS ==> (75.963)
video 1/1 (477/1303) data/samples/c_test.mp4: Original YOLOv3 | FPS ==> (76.522)
video 1/1 (478/1303) data/samples/c_test.mp4: Original YOLOv3 | FPS ==> (78.143)
video 1/1 (479/1303) data/samples/c_test.mp4: Original YOLOv3 | FPS ==> (81.890)
video 1/1 (480/1303) data/samples/c_test.mp4: Original YOLOv3 | FPS ==> (79.412)
video 1/1 (481/1303) data/samples/c_test.mp4: Original YOLOv3 | FPS ==> (69.347)
video 1/1 (482/1303) data/samples/c_test.mp4: Original YOLOv3 | FPS ==> (68.287)
video 1/1 (483/1303) data/samples/c_test.mp4: Original YOLOv3 | FPS ==> (69.633)
video 1/1 (484/1303) data/samples/c_test.mp4: Original YOLOv3 | FPS ==> (80.517)
video 1/1 (485/1303) data/samples/c_test.mp4: Original YOLOv3 | FPS ==> (79.895)
video 1/1 (486/1303) data/samples/c_test.mp4: Original YOLOv3 | FPS ==> (76.888)
video 1/1 (487/1303) data/samples/c_test.mp4: Original YOLOv3 | FPS ==> (74.187)
video 1/1 (488/1303) data/samples/c_test.mp4: Original YOLOv3 | FPS ==> (76.462)
video 1/1 (489/1303) data/samples/c_test.mp4: Original YOLOv3 | FPS ==> (73.486)
video 1/1 (490/1303) data/samples/c_test.mp4: Original YOLOv3 | FPS ==> (72.238)
video 1/1 (491/1303) data/samples/c_test.mp4: Original YOLOv3 | FPS ==> (72.871)
video 1/1 (492/1303) data/samples/c_test.mp4: Original YOLOv3 | FPS ==> (75.845)
video 1/1 (493/1303) data/samples/c_test.mp4: Original YOLOv3 | FPS ==> (75.826)
video 1/1 (494/1303) data/samples/c_test.mp4: Original YOLOv3 | FPS ==> (77.685)
video 1/1 (495/1303) data/samples/c_test.mp4: Original YOLOv3 | FPS ==> (79.963)
video 1/1 (496/1303) data/samples/c_test.mp4: Original YOLOv3 | FPS ==> (80.590)
video 1/1 (497/1303) data/samples/c_test.mp4: Original YOLOv3 | FPS ==> (80.123)
video 1/1 (498/1303) data/samples/c_test.mp4: Original YOLOv3 | FPS ==> (79.050)
video 1/1 (499/1303) data/samples/c_test.mp4: Original YOLOv3 | FPS ==> (72.687)
video 1/1 (500/1303) data/samples/c_test.mp4: Original YOLOv3 | FPS ==> (80.745)
video 1/1 (501/1303) data/samples/c_test.mp4: Original YOLOv3 | FPS ==> (78.972)
video 1/1 (502/1303) data/samples/c_test.mp4: Original YOLOv3 | FPS ==> (76.004)
video 1/1 (503/1303) data/samples/c_test.mp4: Original YOLOv3 | FPS ==> (75.035)
video 1/1 (504/1303) data/samples/c_test.mp4: Original YOLOv3 | FPS ==> (81.643)
video 1/1 (505/1303) data/samples/c_test.mp4: Original YOLOv3 | FPS ==> (83.864)
video 1/1 (506/1303) data/samples/c_test.mp4: Original YOLOv3 | FPS ==> (79.241)
video 1/1 (507/1303) data/samples/c_test.mp4: Original YOLOv3 | FPS ==> (74.877)
video 1/1 (508/1303) data/samples/c_test.mp4: Original YOLOv3 | FPS ==> (76.095)
video 1/1 (509/1303) data/samples/c_test.mp4: Original YOLOv3 | FPS ==> (78.611)
video 1/1 (510/1303) data/samples/c_test.mp4: Original YOLOv3 | FPS ==> (80.088)
video 1/1 (511/1303) data/samples/c_test.mp4: Original YOLOv3 | FPS ==> (78.483)
video 1/1 (512/1303) data/samples/c_test.mp4: Original YOLOv3 | FPS ==> (79.242)
video 1/1 (513/1303) data/samples/c_test.mp4: Original YOLOv3 | FPS ==> (80.000)
video 1/1 (514/1303) data/samples/c_test.mp4: Original YOLOv3 | FPS ==> (78.667)
video 1/1 (515/1303) data/samples/c_test.mp4: Original YOLOv3 | FPS ==> (76.281)
video 1/1 (516/1303) data/samples/c_test.mp4: Original YOLOv3 | FPS ==> (83.978)
video 1/1 (517/1303) data/samples/c_test.mp4: Original YOLOv3 | FPS ==> (78.108)
video 1/1 (518/1303) data/samples/c_test.mp4: Original YOLOv3 | FPS ==> (78.676)
video 1/1 (519/1303) data/samples/c_test.mp4: Original YOLOv3 | FPS ==> (72.284)
video 1/1 (520/1303) data/samples/c_test.mp4: Original YOLOv3 | FPS ==> (79.359)
video 1/1 (521/1303) data/samples/c_test.mp4: Original YOLOv3 | FPS ==> (83.632)
video 1/1 (522/1303) data/samples/c_test.mp4: Original YOLOv3 | FPS ==> (80.208)
video 1/1 (523/1303) data/samples/c_test.mp4: Original YOLOv3 | FPS ==> (81.874)
video 1/1 (524/1303) data/samples/c_test.mp4: Original YOLOv3 | FPS ==> (77.008)
video 1/1 (525/1303) data/samples/c_test.mp4: Original YOLOv3 | FPS ==> (83.617)
video 1/1 (526/1303) data/samples/c_test.mp4: Original YOLOv3 | FPS ==> (84.304)
video 1/1 (527/1303) data/samples/c_test.mp4: Original YOLOv3 | FPS ==> (80.314)
video 1/1 (528/1303) data/samples/c_test.mp4: Original YOLOv3 | FPS ==> (83.796)
video 1/1 (529/1303) data/samples/c_test.mp4: Original YOLOv3 | FPS ==> (83.650)
video 1/1 (530/1303) data/samples/c_test.mp4: Original YOLOv3 | FPS ==> (81.444)
video 1/1 (531/1303) data/samples/c_test.mp4: Original YOLOv3 | FPS ==> (81.354)
video 1/1 (532/1303) data/samples/c_test.mp4: Original YOLOv3 | FPS ==> (77.208)
video 1/1 (533/1303) data/samples/c_test.mp4: Original YOLOv3 | FPS ==> (81.573)
video 1/1 (534/1303) data/samples/c_test.mp4: Original YOLOv3 | FPS ==> (78.178)
video 1/1 (535/1303) data/samples/c_test.mp4: Original YOLOv3 | FPS ==> (83.839)
video 1/1 (536/1303) data/samples/c_test.mp4: Original YOLOv3 | FPS ==> (76.886)
video 1/1 (537/1303) data/samples/c_test.mp4: Original YOLOv3 | FPS ==> (75.559)
video 1/1 (538/1303) data/samples/c_test.mp4: Original YOLOv3 | FPS ==> (77.198)
video 1/1 (539/1303) data/samples/c_test.mp4: Original YOLOv3 | FPS ==> (84.132)
video 1/1 (540/1303) data/samples/c_test.mp4: Original YOLOv3 | FPS ==> (79.489)
video 1/1 (541/1303) data/samples/c_test.mp4: Original YOLOv3 | FPS ==> (82.249)
video 1/1 (542/1303) data/samples/c_test.mp4: Original YOLOv3 | FPS ==> (83.455)
video 1/1 (543/1303) data/samples/c_test.mp4: Original YOLOv3 | FPS ==> (81.332)
video 1/1 (544/1303) data/samples/c_test.mp4: Original YOLOv3 | FPS ==> (74.129)
video 1/1 (545/1303) data/samples/c_test.mp4: Original YOLOv3 | FPS ==> (75.521)
video 1/1 (546/1303) data/samples/c_test.mp4: Original YOLOv3 | FPS ==> (80.534)
video 1/1 (547/1303) data/samples/c_test.mp4: Original YOLOv3 | FPS ==> (81.260)
video 1/1 (548/1303) data/samples/c_test.mp4: Original YOLOv3 | FPS ==> (83.454)
video 1/1 (549/1303) data/samples/c_test.mp4: Original YOLOv3 | FPS ==> (78.793)
video 1/1 (550/1303) data/samples/c_test.mp4: Original YOLOv3 | FPS ==> (79.041)
video 1/1 (551/1303) data/samples/c_test.mp4: Original YOLOv3 | FPS ==> (85.325)
video 1/1 (552/1303) data/samples/c_test.mp4: Original YOLOv3 | FPS ==> (87.555)
video 1/1 (553/1303) data/samples/c_test.mp4: Original YOLOv3 | FPS ==> (87.628)
video 1/1 (554/1303) data/samples/c_test.mp4: Original YOLOv3 | FPS ==> (80.843)
video 1/1 (555/1303) data/samples/c_test.mp4: Original YOLOv3 | FPS ==> (87.216)
video 1/1 (556/1303) data/samples/c_test.mp4: Original YOLOv3 | FPS ==> (88.031)
video 1/1 (557/1303) data/samples/c_test.mp4: Original YOLOv3 | FPS ==> (80.817)
video 1/1 (558/1303) data/samples/c_test.mp4: Original YOLOv3 | FPS ==> (88.014)
video 1/1 (559/1303) data/samples/c_test.mp4: Original YOLOv3 | FPS ==> (88.166)
video 1/1 (560/1303) data/samples/c_test.mp4: Original YOLOv3 | FPS ==> (88.101)
video 1/1 (561/1303) data/samples/c_test.mp4: Original YOLOv3 | FPS ==> (84.338)
video 1/1 (562/1303) data/samples/c_test.mp4: Original YOLOv3 | FPS ==> (85.384)
video 1/1 (563/1303) data/samples/c_test.mp4: Original YOLOv3 | FPS ==> (81.449)
video 1/1 (564/1303) data/samples/c_test.mp4: Original YOLOv3 | FPS ==> (87.732)
video 1/1 (565/1303) data/samples/c_test.mp4: Original YOLOv3 | FPS ==> (85.931)
video 1/1 (566/1303) data/samples/c_test.mp4: Original YOLOv3 | FPS ==> (87.575)
video 1/1 (567/1303) data/samples/c_test.mp4: Original YOLOv3 | FPS ==> (78.706)
video 1/1 (568/1303) data/samples/c_test.mp4: Original YOLOv3 | FPS ==> (83.308)
video 1/1 (569/1303) data/samples/c_test.mp4: Original YOLOv3 | FPS ==> (88.036)
video 1/1 (570/1303) data/samples/c_test.mp4: Original YOLOv3 | FPS ==> (78.178)
video 1/1 (571/1303) data/samples/c_test.mp4: Original YOLOv3 | FPS ==> (83.039)
video 1/1 (572/1303) data/samples/c_test.mp4: Original YOLOv3 | FPS ==> (83.153)
video 1/1 (573/1303) data/samples/c_test.mp4: Original YOLOv3 | FPS ==> (82.886)
video 1/1 (574/1303) data/samples/c_test.mp4: Original YOLOv3 | FPS ==> (77.881)
video 1/1 (575/1303) data/samples/c_test.mp4: Original YOLOv3 | FPS ==> (83.174)
video 1/1 (576/1303) data/samples/c_test.mp4: Original YOLOv3 | FPS ==> (83.283)
video 1/1 (577/1303) data/samples/c_test.mp4: Original YOLOv3 | FPS ==> (83.384)
video 1/1 (578/1303) data/samples/c_test.mp4: Original YOLOv3 | FPS ==> (81.720)
video 1/1 (579/1303) data/samples/c_test.mp4: Original YOLOv3 | FPS ==> (82.692)
video 1/1 (580/1303) data/samples/c_test.mp4: Original YOLOv3 | FPS ==> (82.011)
video 1/1 (581/1303) data/samples/c_test.mp4: Original YOLOv3 | FPS ==> (79.820)
video 1/1 (582/1303) data/samples/c_test.mp4: Original YOLOv3 | FPS ==> (80.018)
video 1/1 (583/1303) data/samples/c_test.mp4: Original YOLOv3 | FPS ==> (77.631)
video 1/1 (584/1303) data/samples/c_test.mp4: Original YOLOv3 | FPS ==> (77.185)
video 1/1 (585/1303) data/samples/c_test.mp4: Original YOLOv3 | FPS ==> (80.075)
video 1/1 (586/1303) data/samples/c_test.mp4: Original YOLOv3 | FPS ==> (80.288)
video 1/1 (587/1303) data/samples/c_test.mp4: Original YOLOv3 | FPS ==> (80.094)
video 1/1 (588/1303) data/samples/c_test.mp4: Original YOLOv3 | FPS ==> (71.639)
video 1/1 (589/1303) data/samples/c_test.mp4: Original YOLOv3 | FPS ==> (78.986)
video 1/1 (590/1303) data/samples/c_test.mp4: Original YOLOv3 | FPS ==> (75.007)
video 1/1 (591/1303) data/samples/c_test.mp4: Original YOLOv3 | FPS ==> (70.039)
video 1/1 (592/1303) data/samples/c_test.mp4: Original YOLOv3 | FPS ==> (71.860)
video 1/1 (593/1303) data/samples/c_test.mp4: Original YOLOv3 | FPS ==> (72.727)
video 1/1 (594/1303) data/samples/c_test.mp4: Original YOLOv3 | FPS ==> (70.565)
video 1/1 (595/1303) data/samples/c_test.mp4: Original YOLOv3 | FPS ==> (71.431)
video 1/1 (596/1303) data/samples/c_test.mp4: Original YOLOv3 | FPS ==> (74.305)
video 1/1 (597/1303) data/samples/c_test.mp4: Original YOLOv3 | FPS ==> (72.586)
video 1/1 (598/1303) data/samples/c_test.mp4: Original YOLOv3 | FPS ==> (70.542)
video 1/1 (599/1303) data/samples/c_test.mp4: Original YOLOv3 | FPS ==> (68.944)
video 1/1 (600/1303) data/samples/c_test.mp4: Original YOLOv3 | FPS ==> (70.097)
video 1/1 (601/1303) data/samples/c_test.mp4: Original YOLOv3 | FPS ==> (70.219)
video 1/1 (602/1303) data/samples/c_test.mp4: Original YOLOv3 | FPS ==> (62.735)
video 1/1 (603/1303) data/samples/c_test.mp4: Original YOLOv3 | FPS ==> (62.626)
video 1/1 (604/1303) data/samples/c_test.mp4: Original YOLOv3 | FPS ==> (62.504)
video 1/1 (605/1303) data/samples/c_test.mp4: Original YOLOv3 | FPS ==> (68.459)
video 1/1 (606/1303) data/samples/c_test.mp4: Original YOLOv3 | FPS ==> (66.686)
video 1/1 (607/1303) data/samples/c_test.mp4: Original YOLOv3 | FPS ==> (71.961)
video 1/1 (608/1303) data/samples/c_test.mp4: Original YOLOv3 | FPS ==> (70.002)
video 1/1 (609/1303) data/samples/c_test.mp4: Original YOLOv3 | FPS ==> (71.593)
video 1/1 (610/1303) data/samples/c_test.mp4: Original YOLOv3 | FPS ==> (64.128)
video 1/1 (611/1303) data/samples/c_test.mp4: Original YOLOv3 | FPS ==> (71.157)
video 1/1 (612/1303) data/samples/c_test.mp4: Original YOLOv3 | FPS ==> (63.995)
video 1/1 (613/1303) data/samples/c_test.mp4: Original YOLOv3 | FPS ==> (64.425)
video 1/1 (614/1303) data/samples/c_test.mp4: Original YOLOv3 | FPS ==> (68.372)
video 1/1 (615/1303) data/samples/c_test.mp4: Original YOLOv3 | FPS ==> (66.053)
video 1/1 (616/1303) data/samples/c_test.mp4: Original YOLOv3 | FPS ==> (62.486)
video 1/1 (617/1303) data/samples/c_test.mp4: Original YOLOv3 | FPS ==> (67.324)
video 1/1 (618/1303) data/samples/c_test.mp4: Original YOLOv3 | FPS ==> (69.756)
video 1/1 (619/1303) data/samples/c_test.mp4: Original YOLOv3 | FPS ==> (63.902)
video 1/1 (620/1303) data/samples/c_test.mp4: Original YOLOv3 | FPS ==> (71.869)
video 1/1 (621/1303) data/samples/c_test.mp4: Original YOLOv3 | FPS ==> (69.160)
video 1/1 (622/1303) data/samples/c_test.mp4: Original YOLOv3 | FPS ==> (66.245)
video 1/1 (623/1303) data/samples/c_test.mp4: Original YOLOv3 | FPS ==> (71.436)
video 1/1 (624/1303) data/samples/c_test.mp4: Original YOLOv3 | FPS ==> (66.462)
video 1/1 (625/1303) data/samples/c_test.mp4: Original YOLOv3 | FPS ==> (61.679)
video 1/1 (626/1303) data/samples/c_test.mp4: Original YOLOv3 | FPS ==> (69.838)
video 1/1 (627/1303) data/samples/c_test.mp4: Original YOLOv3 | FPS ==> (62.653)
video 1/1 (628/1303) data/samples/c_test.mp4: Original YOLOv3 | FPS ==> (69.413)
video 1/1 (629/1303) data/samples/c_test.mp4: Original YOLOv3 | FPS ==> (68.651)
video 1/1 (630/1303) data/samples/c_test.mp4: Original YOLOv3 | FPS ==> (68.200)
video 1/1 (631/1303) data/samples/c_test.mp4: Original YOLOv3 | FPS ==> (70.391)
video 1/1 (632/1303) data/samples/c_test.mp4: Original YOLOv3 | FPS ==> (63.749)
video 1/1 (633/1303) data/samples/c_test.mp4: Original YOLOv3 | FPS ==> (70.579)
video 1/1 (634/1303) data/samples/c_test.mp4: Original YOLOv3 | FPS ==> (70.490)
video 1/1 (635/1303) data/samples/c_test.mp4: Original YOLOv3 | FPS ==> (66.932)
video 1/1 (636/1303) data/samples/c_test.mp4: Original YOLOv3 | FPS ==> (67.522)
video 1/1 (637/1303) data/samples/c_test.mp4: Original YOLOv3 | FPS ==> (68.135)
video 1/1 (638/1303) data/samples/c_test.mp4: Original YOLOv3 | FPS ==> (69.934)
video 1/1 (639/1303) data/samples/c_test.mp4: Original YOLOv3 | FPS ==> (66.639)
video 1/1 (640/1303) data/samples/c_test.mp4: Original YOLOv3 | FPS ==> (64.103)
video 1/1 (641/1303) data/samples/c_test.mp4: Original YOLOv3 | FPS ==> (68.429)
video 1/1 (642/1303) data/samples/c_test.mp4: Original YOLOv3 | FPS ==> (63.790)
video 1/1 (643/1303) data/samples/c_test.mp4: Original YOLOv3 | FPS ==> (55.943)
video 1/1 (644/1303) data/samples/c_test.mp4: Original YOLOv3 | FPS ==> (63.864)
video 1/1 (645/1303) data/samples/c_test.mp4: Original YOLOv3 | FPS ==> (64.600)
video 1/1 (646/1303) data/samples/c_test.mp4: Original YOLOv3 | FPS ==> (66.400)
video 1/1 (647/1303) data/samples/c_test.mp4: Original YOLOv3 | FPS ==> (65.875)
video 1/1 (648/1303) data/samples/c_test.mp4: Original YOLOv3 | FPS ==> (67.129)
video 1/1 (649/1303) data/samples/c_test.mp4: Original YOLOv3 | FPS ==> (62.853)
video 1/1 (650/1303) data/samples/c_test.mp4: Original YOLOv3 | FPS ==> (59.006)
video 1/1 (651/1303) data/samples/c_test.mp4: Original YOLOv3 | FPS ==> (63.618)
video 1/1 (652/1303) data/samples/c_test.mp4: Original YOLOv3 | FPS ==> (58.204)
video 1/1 (653/1303) data/samples/c_test.mp4: Original YOLOv3 | FPS ==> (62.082)
video 1/1 (654/1303) data/samples/c_test.mp4: Original YOLOv3 | FPS ==> (63.578)
video 1/1 (655/1303) data/samples/c_test.mp4: Original YOLOv3 | FPS ==> (64.110)
video 1/1 (656/1303) data/samples/c_test.mp4: Original YOLOv3 | FPS ==> (64.630)
video 1/1 (657/1303) data/samples/c_test.mp4: Original YOLOv3 | FPS ==> (64.335)
video 1/1 (658/1303) data/samples/c_test.mp4: Original YOLOv3 | FPS ==> (69.482)
video 1/1 (659/1303) data/samples/c_test.mp4: Original YOLOv3 | FPS ==> (63.700)
video 1/1 (660/1303) data/samples/c_test.mp4: Original YOLOv3 | FPS ==> (64.167)
video 1/1 (661/1303) data/samples/c_test.mp4: Original YOLOv3 | FPS ==> (65.319)
video 1/1 (662/1303) data/samples/c_test.mp4: Original YOLOv3 | FPS ==> (66.320)
video 1/1 (663/1303) data/samples/c_test.mp4: Original YOLOv3 | FPS ==> (62.374)
video 1/1 (664/1303) data/samples/c_test.mp4: Original YOLOv3 | FPS ==> (61.510)
video 1/1 (665/1303) data/samples/c_test.mp4: Original YOLOv3 | FPS ==> (66.227)
video 1/1 (666/1303) data/samples/c_test.mp4: Original YOLOv3 | FPS ==> (61.401)
video 1/1 (667/1303) data/samples/c_test.mp4: Original YOLOv3 | FPS ==> (69.902)
video 1/1 (668/1303) data/samples/c_test.mp4: Original YOLOv3 | FPS ==> (69.659)
video 1/1 (669/1303) data/samples/c_test.mp4: Original YOLOv3 | FPS ==> (68.197)
video 1/1 (670/1303) data/samples/c_test.mp4: Original YOLOv3 | FPS ==> (66.329)
video 1/1 (671/1303) data/samples/c_test.mp4: Original YOLOv3 | FPS ==> (64.570)
video 1/1 (672/1303) data/samples/c_test.mp4: Original YOLOv3 | FPS ==> (66.853)
video 1/1 (673/1303) data/samples/c_test.mp4: Original YOLOv3 | FPS ==> (67.217)
video 1/1 (674/1303) data/samples/c_test.mp4: Original YOLOv3 | FPS ==> (69.439)
video 1/1 (675/1303) data/samples/c_test.mp4: Original YOLOv3 | FPS ==> (69.403)
video 1/1 (676/1303) data/samples/c_test.mp4: Original YOLOv3 | FPS ==> (70.513)
video 1/1 (677/1303) data/samples/c_test.mp4: Original YOLOv3 | FPS ==> (73.331)
video 1/1 (678/1303) data/samples/c_test.mp4: Original YOLOv3 | FPS ==> (75.376)
video 1/1 (679/1303) data/samples/c_test.mp4: Original YOLOv3 | FPS ==> (72.232)
video 1/1 (680/1303) data/samples/c_test.mp4: Original YOLOv3 | FPS ==> (73.668)
video 1/1 (681/1303) data/samples/c_test.mp4: Original YOLOv3 | FPS ==> (69.036)
video 1/1 (682/1303) data/samples/c_test.mp4: Original YOLOv3 | FPS ==> (69.203)
video 1/1 (683/1303) data/samples/c_test.mp4: Original YOLOv3 | FPS ==> (71.168)
video 1/1 (684/1303) data/samples/c_test.mp4: Original YOLOv3 | FPS ==> (67.541)
video 1/1 (685/1303) data/samples/c_test.mp4: Original YOLOv3 | FPS ==> (66.699)
video 1/1 (686/1303) data/samples/c_test.mp4: Original YOLOv3 | FPS ==> (69.960)
video 1/1 (687/1303) data/samples/c_test.mp4: Original YOLOv3 | FPS ==> (63.754)
video 1/1 (688/1303) data/samples/c_test.mp4: Original YOLOv3 | FPS ==> (66.664)
video 1/1 (689/1303) data/samples/c_test.mp4: Original YOLOv3 | FPS ==> (70.757)
video 1/1 (690/1303) data/samples/c_test.mp4: Original YOLOv3 | FPS ==> (67.140)
video 1/1 (691/1303) data/samples/c_test.mp4: Original YOLOv3 | FPS ==> (67.491)
video 1/1 (692/1303) data/samples/c_test.mp4: Original YOLOv3 | FPS ==> (68.642)
video 1/1 (693/1303) data/samples/c_test.mp4: Original YOLOv3 | FPS ==> (72.269)
video 1/1 (694/1303) data/samples/c_test.mp4: Original YOLOv3 | FPS ==> (70.614)
video 1/1 (695/1303) data/samples/c_test.mp4: Original YOLOv3 | FPS ==> (65.427)
video 1/1 (696/1303) data/samples/c_test.mp4: Original YOLOv3 | FPS ==> (66.279)
video 1/1 (697/1303) data/samples/c_test.mp4: Original YOLOv3 | FPS ==> (76.000)
video 1/1 (698/1303) data/samples/c_test.mp4: Original YOLOv3 | FPS ==> (74.289)
video 1/1 (699/1303) data/samples/c_test.mp4: Original YOLOv3 | FPS ==> (70.564)
video 1/1 (700/1303) data/samples/c_test.mp4: Original YOLOv3 | FPS ==> (70.635)
video 1/1 (701/1303) data/samples/c_test.mp4: Original YOLOv3 | FPS ==> (69.290)
video 1/1 (702/1303) data/samples/c_test.mp4: Original YOLOv3 | FPS ==> (74.289)
video 1/1 (703/1303) data/samples/c_test.mp4: Original YOLOv3 | FPS ==> (73.963)
video 1/1 (704/1303) data/samples/c_test.mp4: Original YOLOv3 | FPS ==> (70.538)
video 1/1 (705/1303) data/samples/c_test.mp4: Original YOLOv3 | FPS ==> (67.988)
video 1/1 (706/1303) data/samples/c_test.mp4: Original YOLOv3 | FPS ==> (70.214)
video 1/1 (707/1303) data/samples/c_test.mp4: Original YOLOv3 | FPS ==> (74.755)
video 1/1 (708/1303) data/samples/c_test.mp4: Original YOLOv3 | FPS ==> (73.083)
video 1/1 (709/1303) data/samples/c_test.mp4: Original YOLOv3 | FPS ==> (71.623)
video 1/1 (710/1303) data/samples/c_test.mp4: Original YOLOv3 | FPS ==> (69.903)
video 1/1 (711/1303) data/samples/c_test.mp4: Original YOLOv3 | FPS ==> (74.428)
video 1/1 (712/1303) data/samples/c_test.mp4: Original YOLOv3 | FPS ==> (74.569)
video 1/1 (713/1303) data/samples/c_test.mp4: Original YOLOv3 | FPS ==> (72.211)
video 1/1 (714/1303) data/samples/c_test.mp4: Original YOLOv3 | FPS ==> (71.994)
video 1/1 (715/1303) data/samples/c_test.mp4: Original YOLOv3 | FPS ==> (74.686)
video 1/1 (716/1303) data/samples/c_test.mp4: Original YOLOv3 | FPS ==> (74.664)
video 1/1 (717/1303) data/samples/c_test.mp4: Original YOLOv3 | FPS ==> (69.558)
video 1/1 (718/1303) data/samples/c_test.mp4: Original YOLOv3 | FPS ==> (68.823)
video 1/1 (719/1303) data/samples/c_test.mp4: Original YOLOv3 | FPS ==> (71.174)
video 1/1 (720/1303) data/samples/c_test.mp4: Original YOLOv3 | FPS ==> (73.128)
video 1/1 (721/1303) data/samples/c_test.mp4: Original YOLOv3 | FPS ==> (74.722)
video 1/1 (722/1303) data/samples/c_test.mp4: Original YOLOv3 | FPS ==> (72.081)
video 1/1 (723/1303) data/samples/c_test.mp4: Original YOLOv3 | FPS ==> (71.973)
video 1/1 (724/1303) data/samples/c_test.mp4: Original YOLOv3 | FPS ==> (70.336)
video 1/1 (725/1303) data/samples/c_test.mp4: Original YOLOv3 | FPS ==> (70.083)
video 1/1 (726/1303) data/samples/c_test.mp4: Original YOLOv3 | FPS ==> (67.452)
video 1/1 (727/1303) data/samples/c_test.mp4: Original YOLOv3 | FPS ==> (64.916)
video 1/1 (728/1303) data/samples/c_test.mp4: Original YOLOv3 | FPS ==> (65.021)
video 1/1 (729/1303) data/samples/c_test.mp4: Original YOLOv3 | FPS ==> (70.072)
video 1/1 (730/1303) data/samples/c_test.mp4: Original YOLOv3 | FPS ==> (63.610)
video 1/1 (731/1303) data/samples/c_test.mp4: Original YOLOv3 | FPS ==> (61.272)
video 1/1 (732/1303) data/samples/c_test.mp4: Original YOLOv3 | FPS ==> (69.039)
video 1/1 (733/1303) data/samples/c_test.mp4: Original YOLOv3 | FPS ==> (65.604)
video 1/1 (734/1303) data/samples/c_test.mp4: Original YOLOv3 | FPS ==> (64.776)
video 1/1 (735/1303) data/samples/c_test.mp4: Original YOLOv3 | FPS ==> (69.942)
video 1/1 (736/1303) data/samples/c_test.mp4: Original YOLOv3 | FPS ==> (67.739)
video 1/1 (737/1303) data/samples/c_test.mp4: Original YOLOv3 | FPS ==> (65.532)
video 1/1 (738/1303) data/samples/c_test.mp4: Original YOLOv3 | FPS ==> (63.536)
video 1/1 (739/1303) data/samples/c_test.mp4: Original YOLOv3 | FPS ==> (65.144)
video 1/1 (740/1303) data/samples/c_test.mp4: Original YOLOv3 | FPS ==> (66.645)
video 1/1 (741/1303) data/samples/c_test.mp4: Original YOLOv3 | FPS ==> (67.217)
video 1/1 (742/1303) data/samples/c_test.mp4: Original YOLOv3 | FPS ==> (69.945)
video 1/1 (743/1303) data/samples/c_test.mp4: Original YOLOv3 | FPS ==> (66.586)
video 1/1 (744/1303) data/samples/c_test.mp4: Original YOLOv3 | FPS ==> (70.901)
video 1/1 (745/1303) data/samples/c_test.mp4: Original YOLOv3 | FPS ==> (64.896)
video 1/1 (746/1303) data/samples/c_test.mp4: Original YOLOv3 | FPS ==> (69.156)
video 1/1 (747/1303) data/samples/c_test.mp4: Original YOLOv3 | FPS ==> (68.862)
video 1/1 (748/1303) data/samples/c_test.mp4: Original YOLOv3 | FPS ==> (68.089)
video 1/1 (749/1303) data/samples/c_test.mp4: Original YOLOv3 | FPS ==> (62.030)
video 1/1 (750/1303) data/samples/c_test.mp4: Original YOLOv3 | FPS ==> (66.729)
video 1/1 (751/1303) data/samples/c_test.mp4: Original YOLOv3 | FPS ==> (83.801)
video 1/1 (752/1303) data/samples/c_test.mp4: Original YOLOv3 | FPS ==> (83.525)
video 1/1 (753/1303) data/samples/c_test.mp4: Original YOLOv3 | FPS ==> (83.037)
video 1/1 (754/1303) data/samples/c_test.mp4: Original YOLOv3 | FPS ==> (83.153)
video 1/1 (755/1303) data/samples/c_test.mp4: Original YOLOv3 | FPS ==> (79.118)
video 1/1 (756/1303) data/samples/c_test.mp4: Original YOLOv3 | FPS ==> (77.469)
video 1/1 (757/1303) data/samples/c_test.mp4: Original YOLOv3 | FPS ==> (80.332)
video 1/1 (758/1303) data/samples/c_test.mp4: Original YOLOv3 | FPS ==> (78.657)
video 1/1 (759/1303) data/samples/c_test.mp4: Original YOLOv3 | FPS ==> (77.605)
video 1/1 (760/1303) data/samples/c_test.mp4: Original YOLOv3 | FPS ==> (76.522)
video 1/1 (761/1303) data/samples/c_test.mp4: Original YOLOv3 | FPS ==> (75.219)
video 1/1 (762/1303) data/samples/c_test.mp4: Original YOLOv3 | FPS ==> (79.207)
video 1/1 (763/1303) data/samples/c_test.mp4: Original YOLOv3 | FPS ==> (80.151)
video 1/1 (764/1303) data/samples/c_test.mp4: Original YOLOv3 | FPS ==> (80.143)
video 1/1 (765/1303) data/samples/c_test.mp4: Original YOLOv3 | FPS ==> (79.811)
video 1/1 (766/1303) data/samples/c_test.mp4: Original YOLOv3 | FPS ==> (80.226)
video 1/1 (767/1303) data/samples/c_test.mp4: Original YOLOv3 | FPS ==> (79.682)
video 1/1 (768/1303) data/samples/c_test.mp4: Original YOLOv3 | FPS ==> (80.212)
video 1/1 (769/1303) data/samples/c_test.mp4: Original YOLOv3 | FPS ==> (79.981)
video 1/1 (770/1303) data/samples/c_test.mp4: Original YOLOv3 | FPS ==> (80.348)
video 1/1 (771/1303) data/samples/c_test.mp4: Original YOLOv3 | FPS ==> (79.717)
video 1/1 (772/1303) data/samples/c_test.mp4: Original YOLOv3 | FPS ==> (79.966)
video 1/1 (773/1303) data/samples/c_test.mp4: Original YOLOv3 | FPS ==> (79.775)
video 1/1 (774/1303) data/samples/c_test.mp4: Original YOLOv3 | FPS ==> (77.008)
video 1/1 (775/1303) data/samples/c_test.mp4: Original YOLOv3 | FPS ==> (76.851)
video 1/1 (776/1303) data/samples/c_test.mp4: Original YOLOv3 | FPS ==> (76.906)
video 1/1 (777/1303) data/samples/c_test.mp4: Original YOLOv3 | FPS ==> (79.778)
video 1/1 (778/1303) data/samples/c_test.mp4: Original YOLOv3 | FPS ==> (73.927)
video 1/1 (779/1303) data/samples/c_test.mp4: Original YOLOv3 | FPS ==> (76.663)
video 1/1 (780/1303) data/samples/c_test.mp4: Original YOLOv3 | FPS ==> (77.282)
video 1/1 (781/1303) data/samples/c_test.mp4: Original YOLOv3 | FPS ==> (77.094)
video 1/1 (782/1303) data/samples/c_test.mp4: Original YOLOv3 | FPS ==> (71.534)
video 1/1 (783/1303) data/samples/c_test.mp4: Original YOLOv3 | FPS ==> (71.537)
video 1/1 (784/1303) data/samples/c_test.mp4: Original YOLOv3 | FPS ==> (77.379)
video 1/1 (785/1303) data/samples/c_test.mp4: Original YOLOv3 | FPS ==> (77.043)
video 1/1 (786/1303) data/samples/c_test.mp4: Original YOLOv3 | FPS ==> (76.834)
video 1/1 (787/1303) data/samples/c_test.mp4: Original YOLOv3 | FPS ==> (79.573)
video 1/1 (788/1303) data/samples/c_test.mp4: Original YOLOv3 | FPS ==> (80.482)
video 1/1 (789/1303) data/samples/c_test.mp4: Original YOLOv3 | FPS ==> (76.505)
video 1/1 (790/1303) data/samples/c_test.mp4: Original YOLOv3 | FPS ==> (80.300)
video 1/1 (791/1303) data/samples/c_test.mp4: Original YOLOv3 | FPS ==> (72.494)
video 1/1 (792/1303) data/samples/c_test.mp4: Original YOLOv3 | FPS ==> (73.671)
video 1/1 (793/1303) data/samples/c_test.mp4: Original YOLOv3 | FPS ==> (76.950)
video 1/1 (794/1303) data/samples/c_test.mp4: Original YOLOv3 | FPS ==> (75.674)
video 1/1 (795/1303) data/samples/c_test.mp4: Original YOLOv3 | FPS ==> (75.793)
video 1/1 (796/1303) data/samples/c_test.mp4: Original YOLOv3 | FPS ==> (80.824)
video 1/1 (797/1303) data/samples/c_test.mp4: Original YOLOv3 | FPS ==> (78.569)
video 1/1 (798/1303) data/samples/c_test.mp4: Original YOLOv3 | FPS ==> (80.865)
video 1/1 (799/1303) data/samples/c_test.mp4: Original YOLOv3 | FPS ==> (80.261)
video 1/1 (800/1303) data/samples/c_test.mp4: Original YOLOv3 | FPS ==> (80.685)
video 1/1 (801/1303) data/samples/c_test.mp4: Original YOLOv3 | FPS ==> (75.748)
video 1/1 (802/1303) data/samples/c_test.mp4: Original YOLOv3 | FPS ==> (82.006)
video 1/1 (803/1303) data/samples/c_test.mp4: Original YOLOv3 | FPS ==> (80.585)
video 1/1 (804/1303) data/samples/c_test.mp4: Original YOLOv3 | FPS ==> (80.700)
video 1/1 (805/1303) data/samples/c_test.mp4: Original YOLOv3 | FPS ==> (79.331)
video 1/1 (806/1303) data/samples/c_test.mp4: Original YOLOv3 | FPS ==> (76.014)
video 1/1 (807/1303) data/samples/c_test.mp4: Original YOLOv3 | FPS ==> (77.805)
video 1/1 (808/1303) data/samples/c_test.mp4: Original YOLOv3 | FPS ==> (84.155)
video 1/1 (809/1303) data/samples/c_test.mp4: Original YOLOv3 | FPS ==> (84.021)
video 1/1 (810/1303) data/samples/c_test.mp4: Original YOLOv3 | FPS ==> (89.563)
video 1/1 (811/1303) data/samples/c_test.mp4: Original YOLOv3 | FPS ==> (83.482)
video 1/1 (812/1303) data/samples/c_test.mp4: Original YOLOv3 | FPS ==> (82.098)
video 1/1 (813/1303) data/samples/c_test.mp4: Original YOLOv3 | FPS ==> (88.953)
video 1/1 (814/1303) data/samples/c_test.mp4: Original YOLOv3 | FPS ==> (89.372)
video 1/1 (815/1303) data/samples/c_test.mp4: Original YOLOv3 | FPS ==> (88.543)
video 1/1 (816/1303) data/samples/c_test.mp4: Original YOLOv3 | FPS ==> (89.239)
video 1/1 (817/1303) data/samples/c_test.mp4: Original YOLOv3 | FPS ==> (84.149)
video 1/1 (818/1303) data/samples/c_test.mp4: Original YOLOv3 | FPS ==> (84.503)
video 1/1 (819/1303) data/samples/c_test.mp4: Original YOLOv3 | FPS ==> (83.802)
video 1/1 (820/1303) data/samples/c_test.mp4: Original YOLOv3 | FPS ==> (84.096)
video 1/1 (821/1303) data/samples/c_test.mp4: Original YOLOv3 | FPS ==> (84.005)
video 1/1 (822/1303) data/samples/c_test.mp4: Original YOLOv3 | FPS ==> (86.514)
video 1/1 (823/1303) data/samples/c_test.mp4: Original YOLOv3 | FPS ==> (88.110)
video 1/1 (824/1303) data/samples/c_test.mp4: Original YOLOv3 | FPS ==> (73.962)
video 1/1 (825/1303) data/samples/c_test.mp4: Original YOLOv3 | FPS ==> (78.928)
video 1/1 (826/1303) data/samples/c_test.mp4: Original YOLOv3 | FPS ==> (77.612)
video 1/1 (827/1303) data/samples/c_test.mp4: Original YOLOv3 | FPS ==> (82.133)
video 1/1 (828/1303) data/samples/c_test.mp4: Original YOLOv3 | FPS ==> (84.128)
video 1/1 (829/1303) data/samples/c_test.mp4: Original YOLOv3 | FPS ==> (80.172)
video 1/1 (830/1303) data/samples/c_test.mp4: Original YOLOv3 | FPS ==> (77.164)
video 1/1 (831/1303) data/samples/c_test.mp4: Original YOLOv3 | FPS ==> (73.087)
video 1/1 (832/1303) data/samples/c_test.mp4: Original YOLOv3 | FPS ==> (82.364)
video 1/1 (833/1303) data/samples/c_test.mp4: Original YOLOv3 | FPS ==> (82.048)
video 1/1 (834/1303) data/samples/c_test.mp4: Original YOLOv3 | FPS ==> (79.718)
video 1/1 (835/1303) data/samples/c_test.mp4: Original YOLOv3 | FPS ==> (83.199)
video 1/1 (836/1303) data/samples/c_test.mp4: Original YOLOv3 | FPS ==> (77.999)
video 1/1 (837/1303) data/samples/c_test.mp4: Original YOLOv3 | FPS ==> (79.846)
video 1/1 (838/1303) data/samples/c_test.mp4: Original YOLOv3 | FPS ==> (80.754)
video 1/1 (839/1303) data/samples/c_test.mp4: Original YOLOv3 | FPS ==> (78.511)
video 1/1 (840/1303) data/samples/c_test.mp4: Original YOLOv3 | FPS ==> (76.841)
video 1/1 (841/1303) data/samples/c_test.mp4: Original YOLOv3 | FPS ==> (79.684)
video 1/1 (842/1303) data/samples/c_test.mp4: Original YOLOv3 | FPS ==> (84.454)
video 1/1 (843/1303) data/samples/c_test.mp4: Original YOLOv3 | FPS ==> (84.242)
video 1/1 (844/1303) data/samples/c_test.mp4: Original YOLOv3 | FPS ==> (76.947)
video 1/1 (845/1303) data/samples/c_test.mp4: Original YOLOv3 | FPS ==> (76.508)
video 1/1 (846/1303) data/samples/c_test.mp4: Original YOLOv3 | FPS ==> (76.162)
video 1/1 (847/1303) data/samples/c_test.mp4: Original YOLOv3 | FPS ==> (75.417)
video 1/1 (848/1303) data/samples/c_test.mp4: Original YOLOv3 | FPS ==> (74.211)
video 1/1 (849/1303) data/samples/c_test.mp4: Original YOLOv3 | FPS ==> (79.139)
video 1/1 (850/1303) data/samples/c_test.mp4: Original YOLOv3 | FPS ==> (79.108)
video 1/1 (851/1303) data/samples/c_test.mp4: Original YOLOv3 | FPS ==> (70.864)
video 1/1 (852/1303) data/samples/c_test.mp4: Original YOLOv3 | FPS ==> (74.021)
video 1/1 (853/1303) data/samples/c_test.mp4: Original YOLOv3 | FPS ==> (83.123)
video 1/1 (854/1303) data/samples/c_test.mp4: Original YOLOv3 | FPS ==> (82.780)
video 1/1 (855/1303) data/samples/c_test.mp4: Original YOLOv3 | FPS ==> (84.958)
video 1/1 (856/1303) data/samples/c_test.mp4: Original YOLOv3 | FPS ==> (89.187)
video 1/1 (857/1303) data/samples/c_test.mp4: Original YOLOv3 | FPS ==> (89.064)
video 1/1 (858/1303) data/samples/c_test.mp4: Original YOLOv3 | FPS ==> (93.008)
video 1/1 (859/1303) data/samples/c_test.mp4: Original YOLOv3 | FPS ==> (89.635)
video 1/1 (860/1303) data/samples/c_test.mp4: Original YOLOv3 | FPS ==> (83.806)
video 1/1 (861/1303) data/samples/c_test.mp4: Original YOLOv3 | FPS ==> (84.297)
video 1/1 (862/1303) data/samples/c_test.mp4: Original YOLOv3 | FPS ==> (84.556)
video 1/1 (863/1303) data/samples/c_test.mp4: Original YOLOv3 | FPS ==> (84.203)
video 1/1 (864/1303) data/samples/c_test.mp4: Original YOLOv3 | FPS ==> (83.564)
video 1/1 (865/1303) data/samples/c_test.mp4: Original YOLOv3 | FPS ==> (79.157)
video 1/1 (866/1303) data/samples/c_test.mp4: Original YOLOv3 | FPS ==> (79.262)
video 1/1 (867/1303) data/samples/c_test.mp4: Original YOLOv3 | FPS ==> (79.039)
video 1/1 (868/1303) data/samples/c_test.mp4: Original YOLOv3 | FPS ==> (78.354)
video 1/1 (869/1303) data/samples/c_test.mp4: Original YOLOv3 | FPS ==> (79.232)
video 1/1 (870/1303) data/samples/c_test.mp4: Original YOLOv3 | FPS ==> (77.370)
video 1/1 (871/1303) data/samples/c_test.mp4: Original YOLOv3 | FPS ==> (80.995)
video 1/1 (872/1303) data/samples/c_test.mp4: Original YOLOv3 | FPS ==> (78.102)
video 1/1 (873/1303) data/samples/c_test.mp4: Original YOLOv3 | FPS ==> (75.621)
video 1/1 (874/1303) data/samples/c_test.mp4: Original YOLOv3 | FPS ==> (79.667)
video 1/1 (875/1303) data/samples/c_test.mp4: Original YOLOv3 | FPS ==> (72.712)
video 1/1 (876/1303) data/samples/c_test.mp4: Original YOLOv3 | FPS ==> (72.944)
video 1/1 (877/1303) data/samples/c_test.mp4: Original YOLOv3 | FPS ==> (78.564)
video 1/1 (878/1303) data/samples/c_test.mp4: Original YOLOv3 | FPS ==> (74.656)
video 1/1 (879/1303) data/samples/c_test.mp4: Original YOLOv3 | FPS ==> (74.542)
video 1/1 (880/1303) data/samples/c_test.mp4: Original YOLOv3 | FPS ==> (74.158)
video 1/1 (881/1303) data/samples/c_test.mp4: Original YOLOv3 | FPS ==> (80.976)
video 1/1 (882/1303) data/samples/c_test.mp4: Original YOLOv3 | FPS ==> (81.109)
video 1/1 (883/1303) data/samples/c_test.mp4: Original YOLOv3 | FPS ==> (80.655)
video 1/1 (884/1303) data/samples/c_test.mp4: Original YOLOv3 | FPS ==> (81.843)
video 1/1 (885/1303) data/samples/c_test.mp4: Original YOLOv3 | FPS ==> (81.043)
video 1/1 (886/1303) data/samples/c_test.mp4: Original YOLOv3 | FPS ==> (84.821)
video 1/1 (887/1303) data/samples/c_test.mp4: Original YOLOv3 | FPS ==> (84.416)
video 1/1 (888/1303) data/samples/c_test.mp4: Original YOLOv3 | FPS ==> (84.523)
video 1/1 (889/1303) data/samples/c_test.mp4: Original YOLOv3 | FPS ==> (73.326)
video 1/1 (890/1303) data/samples/c_test.mp4: Original YOLOv3 | FPS ==> (73.821)
video 1/1 (891/1303) data/samples/c_test.mp4: Original YOLOv3 | FPS ==> (76.647)
video 1/1 (892/1303) data/samples/c_test.mp4: Original YOLOv3 | FPS ==> (76.834)
video 1/1 (893/1303) data/samples/c_test.mp4: Original YOLOv3 | FPS ==> (76.965)
video 1/1 (894/1303) data/samples/c_test.mp4: Original YOLOv3 | FPS ==> (77.192)
video 1/1 (895/1303) data/samples/c_test.mp4: Original YOLOv3 | FPS ==> (77.022)
video 1/1 (896/1303) data/samples/c_test.mp4: Original YOLOv3 | FPS ==> (74.925)
video 1/1 (897/1303) data/samples/c_test.mp4: Original YOLOv3 | FPS ==> (80.599)
video 1/1 (898/1303) data/samples/c_test.mp4: Original YOLOv3 | FPS ==> (81.021)
video 1/1 (899/1303) data/samples/c_test.mp4: Original YOLOv3 | FPS ==> (81.339)
video 1/1 (900/1303) data/samples/c_test.mp4: Original YOLOv3 | FPS ==> (77.446)
video 1/1 (901/1303) data/samples/c_test.mp4: Original YOLOv3 | FPS ==> (79.098)
video 1/1 (902/1303) data/samples/c_test.mp4: Original YOLOv3 | FPS ==> (77.854)
video 1/1 (903/1303) data/samples/c_test.mp4: Original YOLOv3 | FPS ==> (79.764)
video 1/1 (904/1303) data/samples/c_test.mp4: Original YOLOv3 | FPS ==> (81.942)
video 1/1 (905/1303) data/samples/c_test.mp4: Original YOLOv3 | FPS ==> (84.004)
video 1/1 (906/1303) data/samples/c_test.mp4: Original YOLOv3 | FPS ==> (72.120)
video 1/1 (907/1303) data/samples/c_test.mp4: Original YOLOv3 | FPS ==> (68.877)
video 1/1 (908/1303) data/samples/c_test.mp4: Original YOLOv3 | FPS ==> (82.901)
video 1/1 (909/1303) data/samples/c_test.mp4: Original YOLOv3 | FPS ==> (84.369)
video 1/1 (910/1303) data/samples/c_test.mp4: Original YOLOv3 | FPS ==> (83.965)
video 1/1 (911/1303) data/samples/c_test.mp4: Original YOLOv3 | FPS ==> (79.823)
video 1/1 (912/1303) data/samples/c_test.mp4: Original YOLOv3 | FPS ==> (76.416)
video 1/1 (913/1303) data/samples/c_test.mp4: Original YOLOv3 | FPS ==> (75.819)
video 1/1 (914/1303) data/samples/c_test.mp4: Original YOLOv3 | FPS ==> (77.094)
video 1/1 (915/1303) data/samples/c_test.mp4: Original YOLOv3 | FPS ==> (73.989)
video 1/1 (916/1303) data/samples/c_test.mp4: Original YOLOv3 | FPS ==> (80.907)
video 1/1 (917/1303) data/samples/c_test.mp4: Original YOLOv3 | FPS ==> (80.772)
video 1/1 (918/1303) data/samples/c_test.mp4: Original YOLOv3 | FPS ==> (80.750)
video 1/1 (919/1303) data/samples/c_test.mp4: Original YOLOv3 | FPS ==> (79.466)
video 1/1 (920/1303) data/samples/c_test.mp4: Original YOLOv3 | FPS ==> (78.737)
video 1/1 (921/1303) data/samples/c_test.mp4: Original YOLOv3 | FPS ==> (76.382)
video 1/1 (922/1303) data/samples/c_test.mp4: Original YOLOv3 | FPS ==> (75.893)
video 1/1 (923/1303) data/samples/c_test.mp4: Original YOLOv3 | FPS ==> (84.191)
video 1/1 (924/1303) data/samples/c_test.mp4: Original YOLOv3 | FPS ==> (82.306)
video 1/1 (925/1303) data/samples/c_test.mp4: Original YOLOv3 | FPS ==> (84.325)
video 1/1 (926/1303) data/samples/c_test.mp4: Original YOLOv3 | FPS ==> (84.747)
video 1/1 (927/1303) data/samples/c_test.mp4: Original YOLOv3 | FPS ==> (83.834)
video 1/1 (928/1303) data/samples/c_test.mp4: Original YOLOv3 | FPS ==> (79.465)
video 1/1 (929/1303) data/samples/c_test.mp4: Original YOLOv3 | FPS ==> (78.663)
video 1/1 (930/1303) data/samples/c_test.mp4: Original YOLOv3 | FPS ==> (80.148)
video 1/1 (931/1303) data/samples/c_test.mp4: Original YOLOv3 | FPS ==> (79.277)
video 1/1 (932/1303) data/samples/c_test.mp4: Original YOLOv3 | FPS ==> (77.242)
video 1/1 (933/1303) data/samples/c_test.mp4: Original YOLOv3 | FPS ==> (77.585)
video 1/1 (934/1303) data/samples/c_test.mp4: Original YOLOv3 | FPS ==> (77.560)
video 1/1 (935/1303) data/samples/c_test.mp4: Original YOLOv3 | FPS ==> (80.581)
video 1/1 (936/1303) data/samples/c_test.mp4: Original YOLOv3 | FPS ==> (81.244)
video 1/1 (937/1303) data/samples/c_test.mp4: Original YOLOv3 | FPS ==> (77.608)
video 1/1 (938/1303) data/samples/c_test.mp4: Original YOLOv3 | FPS ==> (77.692)
video 1/1 (939/1303) data/samples/c_test.mp4: Original YOLOv3 | FPS ==> (75.585)
video 1/1 (940/1303) data/samples/c_test.mp4: Original YOLOv3 | FPS ==> (78.793)
video 1/1 (941/1303) data/samples/c_test.mp4: Original YOLOv3 | FPS ==> (79.084)
video 1/1 (942/1303) data/samples/c_test.mp4: Original YOLOv3 | FPS ==> (85.629)
video 1/1 (943/1303) data/samples/c_test.mp4: Original YOLOv3 | FPS ==> (82.398)
video 1/1 (944/1303) data/samples/c_test.mp4: Original YOLOv3 | FPS ==> (77.176)
video 1/1 (945/1303) data/samples/c_test.mp4: Original YOLOv3 | FPS ==> (85.222)
video 1/1 (946/1303) data/samples/c_test.mp4: Original YOLOv3 | FPS ==> (84.260)
video 1/1 (947/1303) data/samples/c_test.mp4: Original YOLOv3 | FPS ==> (85.408)
video 1/1 (948/1303) data/samples/c_test.mp4: Original YOLOv3 | FPS ==> (86.009)
video 1/1 (949/1303) data/samples/c_test.mp4: Original YOLOv3 | FPS ==> (85.332)
video 1/1 (950/1303) data/samples/c_test.mp4: Original YOLOv3 | FPS ==> (78.258)
video 1/1 (951/1303) data/samples/c_test.mp4: Original YOLOv3 | FPS ==> (77.681)
video 1/1 (952/1303) data/samples/c_test.mp4: Original YOLOv3 | FPS ==> (71.999)
video 1/1 (953/1303) data/samples/c_test.mp4: Original YOLOv3 | FPS ==> (71.200)
video 1/1 (954/1303) data/samples/c_test.mp4: Original YOLOv3 | FPS ==> (72.581)
video 1/1 (955/1303) data/samples/c_test.mp4: Original YOLOv3 | FPS ==> (62.415)
video 1/1 (956/1303) data/samples/c_test.mp4: Original YOLOv3 | FPS ==> (68.828)
video 1/1 (957/1303) data/samples/c_test.mp4: Original YOLOv3 | FPS ==> (68.495)
video 1/1 (958/1303) data/samples/c_test.mp4: Original YOLOv3 | FPS ==> (70.723)
video 1/1 (959/1303) data/samples/c_test.mp4: Original YOLOv3 | FPS ==> (73.802)
video 1/1 (960/1303) data/samples/c_test.mp4: Original YOLOv3 | FPS ==> (74.316)
video 1/1 (961/1303) data/samples/c_test.mp4: Original YOLOv3 | FPS ==> (68.680)
video 1/1 (962/1303) data/samples/c_test.mp4: Original YOLOv3 | FPS ==> (68.752)
video 1/1 (963/1303) data/samples/c_test.mp4: Original YOLOv3 | FPS ==> (61.156)
video 1/1 (964/1303) data/samples/c_test.mp4: Original YOLOv3 | FPS ==> (64.711)
video 1/1 (965/1303) data/samples/c_test.mp4: Original YOLOv3 | FPS ==> (63.566)
video 1/1 (966/1303) data/samples/c_test.mp4: Original YOLOv3 | FPS ==> (77.603)
video 1/1 (967/1303) data/samples/c_test.mp4: Original YOLOv3 | FPS ==> (77.212)
video 1/1 (968/1303) data/samples/c_test.mp4: Original YOLOv3 | FPS ==> (83.225)
video 1/1 (969/1303) data/samples/c_test.mp4: Original YOLOv3 | FPS ==> (85.970)
video 1/1 (970/1303) data/samples/c_test.mp4: Original YOLOv3 | FPS ==> (83.186)
video 1/1 (971/1303) data/samples/c_test.mp4: Original YOLOv3 | FPS ==> (88.665)
video 1/1 (972/1303) data/samples/c_test.mp4: Original YOLOv3 | FPS ==> (88.312)
video 1/1 (973/1303) data/samples/c_test.mp4: Original YOLOv3 | FPS ==> (83.859)
video 1/1 (974/1303) data/samples/c_test.mp4: Original YOLOv3 | FPS ==> (89.789)
video 1/1 (975/1303) data/samples/c_test.mp4: Original YOLOv3 | FPS ==> (92.180)
video 1/1 (976/1303) data/samples/c_test.mp4: Original YOLOv3 | FPS ==> (87.529)
video 1/1 (977/1303) data/samples/c_test.mp4: Original YOLOv3 | FPS ==> (87.120)
video 1/1 (978/1303) data/samples/c_test.mp4: Original YOLOv3 | FPS ==> (87.641)
video 1/1 (979/1303) data/samples/c_test.mp4: Original YOLOv3 | FPS ==> (81.850)
video 1/1 (980/1303) data/samples/c_test.mp4: Original YOLOv3 | FPS ==> (91.595)
video 1/1 (981/1303) data/samples/c_test.mp4: Original YOLOv3 | FPS ==> (91.347)
video 1/1 (982/1303) data/samples/c_test.mp4: Original YOLOv3 | FPS ==> (89.933)
video 1/1 (983/1303) data/samples/c_test.mp4: Original YOLOv3 | FPS ==> (80.702)
video 1/1 (984/1303) data/samples/c_test.mp4: Original YOLOv3 | FPS ==> (88.005)
video 1/1 (985/1303) data/samples/c_test.mp4: Original YOLOv3 | FPS ==> (88.810)
video 1/1 (986/1303) data/samples/c_test.mp4: Original YOLOv3 | FPS ==> (89.549)
video 1/1 (987/1303) data/samples/c_test.mp4: Original YOLOv3 | FPS ==> (88.716)
video 1/1 (988/1303) data/samples/c_test.mp4: Original YOLOv3 | FPS ==> (85.845)
video 1/1 (989/1303) data/samples/c_test.mp4: Original YOLOv3 | FPS ==> (80.480)
video 1/1 (990/1303) data/samples/c_test.mp4: Original YOLOv3 | FPS ==> (85.056)
video 1/1 (991/1303) data/samples/c_test.mp4: Original YOLOv3 | FPS ==> (84.328)
video 1/1 (992/1303) data/samples/c_test.mp4: Original YOLOv3 | FPS ==> (85.365)
video 1/1 (993/1303) data/samples/c_test.mp4: Original YOLOv3 | FPS ==> (76.996)
video 1/1 (994/1303) data/samples/c_test.mp4: Original YOLOv3 | FPS ==> (85.214)
video 1/1 (995/1303) data/samples/c_test.mp4: Original YOLOv3 | FPS ==> (84.814)
video 1/1 (996/1303) data/samples/c_test.mp4: Original YOLOv3 | FPS ==> (85.436)
video 1/1 (997/1303) data/samples/c_test.mp4: Original YOLOv3 | FPS ==> (84.646)
video 1/1 (998/1303) data/samples/c_test.mp4: Original YOLOv3 | FPS ==> (84.396)
video 1/1 (999/1303) data/samples/c_test.mp4: Original YOLOv3 | FPS ==> (83.970)
video 1/1 (1000/1303) data/samples/c_test.mp4: Original YOLOv3 | FPS ==> (84.769)
video 1/1 (1001/1303) data/samples/c_test.mp4: Original YOLOv3 | FPS ==> (82.656)
video 1/1 (1002/1303) data/samples/c_test.mp4: Original YOLOv3 | FPS ==> (79.519)
video 1/1 (1003/1303) data/samples/c_test.mp4: Original YOLOv3 | FPS ==> (84.602)
video 1/1 (1004/1303) data/samples/c_test.mp4: Original YOLOv3 | FPS ==> (80.360)
video 1/1 (1005/1303) data/samples/c_test.mp4: Original YOLOv3 | FPS ==> (84.459)
video 1/1 (1006/1303) data/samples/c_test.mp4: Original YOLOv3 | FPS ==> (84.908)
video 1/1 (1007/1303) data/samples/c_test.mp4: Original YOLOv3 | FPS ==> (75.978)
video 1/1 (1008/1303) data/samples/c_test.mp4: Original YOLOv3 | FPS ==> (73.045)
video 1/1 (1009/1303) data/samples/c_test.mp4: Original YOLOv3 | FPS ==> (84.187)
video 1/1 (1010/1303) data/samples/c_test.mp4: Original YOLOv3 | FPS ==> (84.957)
video 1/1 (1011/1303) data/samples/c_test.mp4: Original YOLOv3 | FPS ==> (77.962)
video 1/1 (1012/1303) data/samples/c_test.mp4: Original YOLOv3 | FPS ==> (82.387)
video 1/1 (1013/1303) data/samples/c_test.mp4: Original YOLOv3 | FPS ==> (84.549)
video 1/1 (1014/1303) data/samples/c_test.mp4: Original YOLOv3 | FPS ==> (84.850)
video 1/1 (1015/1303) data/samples/c_test.mp4: Original YOLOv3 | FPS ==> (84.804)
video 1/1 (1016/1303) data/samples/c_test.mp4: Original YOLOv3 | FPS ==> (80.354)
video 1/1 (1017/1303) data/samples/c_test.mp4: Original YOLOv3 | FPS ==> (84.809)
video 1/1 (1018/1303) data/samples/c_test.mp4: Original YOLOv3 | FPS ==> (82.849)
video 1/1 (1019/1303) data/samples/c_test.mp4: Original YOLOv3 | FPS ==> (84.612)
video 1/1 (1020/1303) data/samples/c_test.mp4: Original YOLOv3 | FPS ==> (84.382)
video 1/1 (1021/1303) data/samples/c_test.mp4: Original YOLOv3 | FPS ==> (84.522)
video 1/1 (1022/1303) data/samples/c_test.mp4: Original YOLOv3 | FPS ==> (84.994)
video 1/1 (1023/1303) data/samples/c_test.mp4: Original YOLOv3 | FPS ==> (84.826)
video 1/1 (1024/1303) data/samples/c_test.mp4: Original YOLOv3 | FPS ==> (84.848)
video 1/1 (1025/1303) data/samples/c_test.mp4: Original YOLOv3 | FPS ==> (77.403)
video 1/1 (1026/1303) data/samples/c_test.mp4: Original YOLOv3 | FPS ==> (81.756)
video 1/1 (1027/1303) data/samples/c_test.mp4: Original YOLOv3 | FPS ==> (81.520)
video 1/1 (1028/1303) data/samples/c_test.mp4: Original YOLOv3 | FPS ==> (80.045)
video 1/1 (1029/1303) data/samples/c_test.mp4: Original YOLOv3 | FPS ==> (81.752)
video 1/1 (1030/1303) data/samples/c_test.mp4: Original YOLOv3 | FPS ==> (80.848)
video 1/1 (1031/1303) data/samples/c_test.mp4: Original YOLOv3 | FPS ==> (82.249)
video 1/1 (1032/1303) data/samples/c_test.mp4: Original YOLOv3 | FPS ==> (79.361)
video 1/1 (1033/1303) data/samples/c_test.mp4: Original YOLOv3 | FPS ==> (78.666)
video 1/1 (1034/1303) data/samples/c_test.mp4: Original YOLOv3 | FPS ==> (76.466)
video 1/1 (1035/1303) data/samples/c_test.mp4: Original YOLOv3 | FPS ==> (80.174)
video 1/1 (1036/1303) data/samples/c_test.mp4: Original YOLOv3 | FPS ==> (84.889)
video 1/1 (1037/1303) data/samples/c_test.mp4: Original YOLOv3 | FPS ==> (81.250)
video 1/1 (1038/1303) data/samples/c_test.mp4: Original YOLOv3 | FPS ==> (81.670)
video 1/1 (1039/1303) data/samples/c_test.mp4: Original YOLOv3 | FPS ==> (85.020)
video 1/1 (1040/1303) data/samples/c_test.mp4: Original YOLOv3 | FPS ==> (83.176)
video 1/1 (1041/1303) data/samples/c_test.mp4: Original YOLOv3 | FPS ==> (84.960)
video 1/1 (1042/1303) data/samples/c_test.mp4: Original YOLOv3 | FPS ==> (84.191)
video 1/1 (1043/1303) data/samples/c_test.mp4: Original YOLOv3 | FPS ==> (83.864)
video 1/1 (1044/1303) data/samples/c_test.mp4: Original YOLOv3 | FPS ==> (85.093)
video 1/1 (1045/1303) data/samples/c_test.mp4: Original YOLOv3 | FPS ==> (84.358)
video 1/1 (1046/1303) data/samples/c_test.mp4: Original YOLOv3 | FPS ==> (76.954)
video 1/1 (1047/1303) data/samples/c_test.mp4: Original YOLOv3 | FPS ==> (76.920)
video 1/1 (1048/1303) data/samples/c_test.mp4: Original YOLOv3 | FPS ==> (81.981)
video 1/1 (1049/1303) data/samples/c_test.mp4: Original YOLOv3 | FPS ==> (84.696)
video 1/1 (1050/1303) data/samples/c_test.mp4: Original YOLOv3 | FPS ==> (80.644)
video 1/1 (1051/1303) data/samples/c_test.mp4: Original YOLOv3 | FPS ==> (80.431)
video 1/1 (1052/1303) data/samples/c_test.mp4: Original YOLOv3 | FPS ==> (85.031)
video 1/1 (1053/1303) data/samples/c_test.mp4: Original YOLOv3 | FPS ==> (84.609)
video 1/1 (1054/1303) data/samples/c_test.mp4: Original YOLOv3 | FPS ==> (85.222)
video 1/1 (1055/1303) data/samples/c_test.mp4: Original YOLOv3 | FPS ==> (84.931)
video 1/1 (1056/1303) data/samples/c_test.mp4: Original YOLOv3 | FPS ==> (84.884)
video 1/1 (1057/1303) data/samples/c_test.mp4: Original YOLOv3 | FPS ==> (84.781)
video 1/1 (1058/1303) data/samples/c_test.mp4: Original YOLOv3 | FPS ==> (85.089)
video 1/1 (1059/1303) data/samples/c_test.mp4: Original YOLOv3 | FPS ==> (84.595)
video 1/1 (1060/1303) data/samples/c_test.mp4: Original YOLOv3 | FPS ==> (80.890)
video 1/1 (1061/1303) data/samples/c_test.mp4: Original YOLOv3 | FPS ==> (80.630)
video 1/1 (1062/1303) data/samples/c_test.mp4: Original YOLOv3 | FPS ==> (83.214)
video 1/1 (1063/1303) data/samples/c_test.mp4: Original YOLOv3 | FPS ==> (82.715)
video 1/1 (1064/1303) data/samples/c_test.mp4: Original YOLOv3 | FPS ==> (83.090)
video 1/1 (1065/1303) data/samples/c_test.mp4: Original YOLOv3 | FPS ==> (76.089)
video 1/1 (1066/1303) data/samples/c_test.mp4: Original YOLOv3 | FPS ==> (79.337)
video 1/1 (1067/1303) data/samples/c_test.mp4: Original YOLOv3 | FPS ==> (83.769)
video 1/1 (1068/1303) data/samples/c_test.mp4: Original YOLOv3 | FPS ==> (88.232)
video 1/1 (1069/1303) data/samples/c_test.mp4: Original YOLOv3 | FPS ==> (86.450)
video 1/1 (1070/1303) data/samples/c_test.mp4: Original YOLOv3 | FPS ==> (86.909)
video 1/1 (1071/1303) data/samples/c_test.mp4: Original YOLOv3 | FPS ==> (85.857)
video 1/1 (1072/1303) data/samples/c_test.mp4: Original YOLOv3 | FPS ==> (86.393)
video 1/1 (1073/1303) data/samples/c_test.mp4: Original YOLOv3 | FPS ==> (83.499)
video 1/1 (1074/1303) data/samples/c_test.mp4: Original YOLOv3 | FPS ==> (84.518)
video 1/1 (1075/1303) data/samples/c_test.mp4: Original YOLOv3 | FPS ==> (84.096)
video 1/1 (1076/1303) data/samples/c_test.mp4: Original YOLOv3 | FPS ==> (86.665)
video 1/1 (1077/1303) data/samples/c_test.mp4: Original YOLOv3 | FPS ==> (86.579)
video 1/1 (1078/1303) data/samples/c_test.mp4: Original YOLOv3 | FPS ==> (86.815)
video 1/1 (1079/1303) data/samples/c_test.mp4: Original YOLOv3 | FPS ==> (84.133)
video 1/1 (1080/1303) data/samples/c_test.mp4: Original YOLOv3 | FPS ==> (87.051)
video 1/1 (1081/1303) data/samples/c_test.mp4: Original YOLOv3 | FPS ==> (73.996)
video 1/1 (1082/1303) data/samples/c_test.mp4: Original YOLOv3 | FPS ==> (77.896)
video 1/1 (1083/1303) data/samples/c_test.mp4: Original YOLOv3 | FPS ==> (77.632)
video 1/1 (1084/1303) data/samples/c_test.mp4: Original YOLOv3 | FPS ==> (78.052)
video 1/1 (1085/1303) data/samples/c_test.mp4: Original YOLOv3 | FPS ==> (77.520)
video 1/1 (1086/1303) data/samples/c_test.mp4: Original YOLOv3 | FPS ==> (75.626)
video 1/1 (1087/1303) data/samples/c_test.mp4: Original YOLOv3 | FPS ==> (77.148)
video 1/1 (1088/1303) data/samples/c_test.mp4: Original YOLOv3 | FPS ==> (77.273)
video 1/1 (1089/1303) data/samples/c_test.mp4: Original YOLOv3 | FPS ==> (76.847)
video 1/1 (1090/1303) data/samples/c_test.mp4: Original YOLOv3 | FPS ==> (76.177)
video 1/1 (1091/1303) data/samples/c_test.mp4: Original YOLOv3 | FPS ==> (79.132)
video 1/1 (1092/1303) data/samples/c_test.mp4: Original YOLOv3 | FPS ==> (79.529)
video 1/1 (1093/1303) data/samples/c_test.mp4: Original YOLOv3 | FPS ==> (79.557)
video 1/1 (1094/1303) data/samples/c_test.mp4: Original YOLOv3 | FPS ==> (78.070)
video 1/1 (1095/1303) data/samples/c_test.mp4: Original YOLOv3 | FPS ==> (80.093)
video 1/1 (1096/1303) data/samples/c_test.mp4: Original YOLOv3 | FPS ==> (77.466)
video 1/1 (1097/1303) data/samples/c_test.mp4: Original YOLOv3 | FPS ==> (74.437)
video 1/1 (1098/1303) data/samples/c_test.mp4: Original YOLOv3 | FPS ==> (80.378)
video 1/1 (1099/1303) data/samples/c_test.mp4: Original YOLOv3 | FPS ==> (80.480)
video 1/1 (1100/1303) data/samples/c_test.mp4: Original YOLOv3 | FPS ==> (78.379)
video 1/1 (1101/1303) data/samples/c_test.mp4: Original YOLOv3 | FPS ==> (78.791)
video 1/1 (1102/1303) data/samples/c_test.mp4: Original YOLOv3 | FPS ==> (79.471)
video 1/1 (1103/1303) data/samples/c_test.mp4: Original YOLOv3 | FPS ==> (76.058)
video 1/1 (1104/1303) data/samples/c_test.mp4: Original YOLOv3 | FPS ==> (74.000)
video 1/1 (1105/1303) data/samples/c_test.mp4: Original YOLOv3 | FPS ==> (80.669)
video 1/1 (1106/1303) data/samples/c_test.mp4: Original YOLOv3 | FPS ==> (85.326)
video 1/1 (1107/1303) data/samples/c_test.mp4: Original YOLOv3 | FPS ==> (79.172)
video 1/1 (1108/1303) data/samples/c_test.mp4: Original YOLOv3 | FPS ==> (67.438)
video 1/1 (1109/1303) data/samples/c_test.mp4: Original YOLOv3 | FPS ==> (71.574)
video 1/1 (1110/1303) data/samples/c_test.mp4: Original YOLOv3 | FPS ==> (77.569)
video 1/1 (1111/1303) data/samples/c_test.mp4: Original YOLOv3 | FPS ==> (80.186)
video 1/1 (1112/1303) data/samples/c_test.mp4: Original YOLOv3 | FPS ==> (84.646)
video 1/1 (1113/1303) data/samples/c_test.mp4: Original YOLOv3 | FPS ==> (82.624)
video 1/1 (1114/1303) data/samples/c_test.mp4: Original YOLOv3 | FPS ==> (82.842)
video 1/1 (1115/1303) data/samples/c_test.mp4: Original YOLOv3 | FPS ==> (79.047)
video 1/1 (1116/1303) data/samples/c_test.mp4: Original YOLOv3 | FPS ==> (80.591)
video 1/1 (1117/1303) data/samples/c_test.mp4: Original YOLOv3 | FPS ==> (80.770)
video 1/1 (1118/1303) data/samples/c_test.mp4: Original YOLOv3 | FPS ==> (85.439)
video 1/1 (1119/1303) data/samples/c_test.mp4: Original YOLOv3 | FPS ==> (84.624)
video 1/1 (1120/1303) data/samples/c_test.mp4: Original YOLOv3 | FPS ==> (80.832)
video 1/1 (1121/1303) data/samples/c_test.mp4: Original YOLOv3 | FPS ==> (79.652)
video 1/1 (1122/1303) data/samples/c_test.mp4: Original YOLOv3 | FPS ==> (79.937)
video 1/1 (1123/1303) data/samples/c_test.mp4: Original YOLOv3 | FPS ==> (80.703)
video 1/1 (1124/1303) data/samples/c_test.mp4: Original YOLOv3 | FPS ==> (80.435)
video 1/1 (1125/1303) data/samples/c_test.mp4: Original YOLOv3 | FPS ==> (79.154)
video 1/1 (1126/1303) data/samples/c_test.mp4: Original YOLOv3 | FPS ==> (79.496)
video 1/1 (1127/1303) data/samples/c_test.mp4: Original YOLOv3 | FPS ==> (74.438)
video 1/1 (1128/1303) data/samples/c_test.mp4: Original YOLOv3 | FPS ==> (80.480)
video 1/1 (1129/1303) data/samples/c_test.mp4: Original YOLOv3 | FPS ==> (75.750)
video 1/1 (1130/1303) data/samples/c_test.mp4: Original YOLOv3 | FPS ==> (77.883)
video 1/1 (1131/1303) data/samples/c_test.mp4: Original YOLOv3 | FPS ==> (77.215)
video 1/1 (1132/1303) data/samples/c_test.mp4: Original YOLOv3 | FPS ==> (76.184)
video 1/1 (1133/1303) data/samples/c_test.mp4: Original YOLOv3 | FPS ==> (76.235)
video 1/1 (1134/1303) data/samples/c_test.mp4: Original YOLOv3 | FPS ==> (80.692)
video 1/1 (1135/1303) data/samples/c_test.mp4: Original YOLOv3 | FPS ==> (77.122)
video 1/1 (1136/1303) data/samples/c_test.mp4: Original YOLOv3 | FPS ==> (77.240)
video 1/1 (1137/1303) data/samples/c_test.mp4: Original YOLOv3 | FPS ==> (76.670)
video 1/1 (1138/1303) data/samples/c_test.mp4: Original YOLOv3 | FPS ==> (77.185)
video 1/1 (1139/1303) data/samples/c_test.mp4: Original YOLOv3 | FPS ==> (84.009)
video 1/1 (1140/1303) data/samples/c_test.mp4: Original YOLOv3 | FPS ==> (83.069)
video 1/1 (1141/1303) data/samples/c_test.mp4: Original YOLOv3 | FPS ==> (83.098)
video 1/1 (1142/1303) data/samples/c_test.mp4: Original YOLOv3 | FPS ==> (78.267)
video 1/1 (1143/1303) data/samples/c_test.mp4: Original YOLOv3 | FPS ==> (78.735)
video 1/1 (1144/1303) data/samples/c_test.mp4: Original YOLOv3 | FPS ==> (80.218)
video 1/1 (1145/1303) data/samples/c_test.mp4: Original YOLOv3 | FPS ==> (80.105)
video 1/1 (1146/1303) data/samples/c_test.mp4: Original YOLOv3 | FPS ==> (80.952)
video 1/1 (1147/1303) data/samples/c_test.mp4: Original YOLOv3 | FPS ==> (80.537)
video 1/1 (1148/1303) data/samples/c_test.mp4: Original YOLOv3 | FPS ==> (80.938)
video 1/1 (1149/1303) data/samples/c_test.mp4: Original YOLOv3 | FPS ==> (81.074)
video 1/1 (1150/1303) data/samples/c_test.mp4: Original YOLOv3 | FPS ==> (78.938)
video 1/1 (1151/1303) data/samples/c_test.mp4: Original YOLOv3 | FPS ==> (81.197)
video 1/1 (1152/1303) data/samples/c_test.mp4: Original YOLOv3 | FPS ==> (81.258)
video 1/1 (1153/1303) data/samples/c_test.mp4: Original YOLOv3 | FPS ==> (79.442)
video 1/1 (1154/1303) data/samples/c_test.mp4: Original YOLOv3 | FPS ==> (81.153)
video 1/1 (1155/1303) data/samples/c_test.mp4: Original YOLOv3 | FPS ==> (79.640)
video 1/1 (1156/1303) data/samples/c_test.mp4: Original YOLOv3 | FPS ==> (79.994)
video 1/1 (1157/1303) data/samples/c_test.mp4: Original YOLOv3 | FPS ==> (79.450)
video 1/1 (1158/1303) data/samples/c_test.mp4: Original YOLOv3 | FPS ==> (75.410)
video 1/1 (1159/1303) data/samples/c_test.mp4: Original YOLOv3 | FPS ==> (76.435)
video 1/1 (1160/1303) data/samples/c_test.mp4: Original YOLOv3 | FPS ==> (77.651)
video 1/1 (1161/1303) data/samples/c_test.mp4: Original YOLOv3 | FPS ==> (77.242)
video 1/1 (1162/1303) data/samples/c_test.mp4: Original YOLOv3 | FPS ==> (77.773)
video 1/1 (1163/1303) data/samples/c_test.mp4: Original YOLOv3 | FPS ==> (77.596)
video 1/1 (1164/1303) data/samples/c_test.mp4: Original YOLOv3 | FPS ==> (76.716)
video 1/1 (1165/1303) data/samples/c_test.mp4: Original YOLOv3 | FPS ==> (79.499)
video 1/1 (1166/1303) data/samples/c_test.mp4: Original YOLOv3 | FPS ==> (77.783)
video 1/1 (1167/1303) data/samples/c_test.mp4: Original YOLOv3 | FPS ==> (77.510)
video 1/1 (1168/1303) data/samples/c_test.mp4: Original YOLOv3 | FPS ==> (81.051)
video 1/1 (1169/1303) data/samples/c_test.mp4: Original YOLOv3 | FPS ==> (80.629)
video 1/1 (1170/1303) data/samples/c_test.mp4: Original YOLOv3 | FPS ==> (80.626)
video 1/1 (1171/1303) data/samples/c_test.mp4: Original YOLOv3 | FPS ==> (83.958)
video 1/1 (1172/1303) data/samples/c_test.mp4: Original YOLOv3 | FPS ==> (84.162)
video 1/1 (1173/1303) data/samples/c_test.mp4: Original YOLOv3 | FPS ==> (84.194)
video 1/1 (1174/1303) data/samples/c_test.mp4: Original YOLOv3 | FPS ==> (84.626)
video 1/1 (1175/1303) data/samples/c_test.mp4: Original YOLOv3 | FPS ==> (83.401)
video 1/1 (1176/1303) data/samples/c_test.mp4: Original YOLOv3 | FPS ==> (83.809)
video 1/1 (1177/1303) data/samples/c_test.mp4: Original YOLOv3 | FPS ==> (84.076)
video 1/1 (1178/1303) data/samples/c_test.mp4: Original YOLOv3 | FPS ==> (84.061)
video 1/1 (1179/1303) data/samples/c_test.mp4: Original YOLOv3 | FPS ==> (84.004)
video 1/1 (1180/1303) data/samples/c_test.mp4: Original YOLOv3 | FPS ==> (84.294)
video 1/1 (1181/1303) data/samples/c_test.mp4: Original YOLOv3 | FPS ==> (83.940)
video 1/1 (1182/1303) data/samples/c_test.mp4: Original YOLOv3 | FPS ==> (89.353)
video 1/1 (1183/1303) data/samples/c_test.mp4: Original YOLOv3 | FPS ==> (83.715)
video 1/1 (1184/1303) data/samples/c_test.mp4: Original YOLOv3 | FPS ==> (83.915)
video 1/1 (1185/1303) data/samples/c_test.mp4: Original YOLOv3 | FPS ==> (83.480)
video 1/1 (1186/1303) data/samples/c_test.mp4: Original YOLOv3 | FPS ==> (82.524)
video 1/1 (1187/1303) data/samples/c_test.mp4: Original YOLOv3 | FPS ==> (83.494)
video 1/1 (1188/1303) data/samples/c_test.mp4: Original YOLOv3 | FPS ==> (84.061)
video 1/1 (1189/1303) data/samples/c_test.mp4: Original YOLOv3 | FPS ==> (80.157)
video 1/1 (1190/1303) data/samples/c_test.mp4: Original YOLOv3 | FPS ==> (84.088)
video 1/1 (1191/1303) data/samples/c_test.mp4: Original YOLOv3 | FPS ==> (83.714)
video 1/1 (1192/1303) data/samples/c_test.mp4: Original YOLOv3 | FPS ==> (83.613)
video 1/1 (1193/1303) data/samples/c_test.mp4: Original YOLOv3 | FPS ==> (83.950)
video 1/1 (1194/1303) data/samples/c_test.mp4: Original YOLOv3 | FPS ==> (79.802)
video 1/1 (1195/1303) data/samples/c_test.mp4: Original YOLOv3 | FPS ==> (83.401)
video 1/1 (1196/1303) data/samples/c_test.mp4: Original YOLOv3 | FPS ==> (83.001)
video 1/1 (1197/1303) data/samples/c_test.mp4: Original YOLOv3 | FPS ==> (89.136)
video 1/1 (1198/1303) data/samples/c_test.mp4: Original YOLOv3 | FPS ==> (89.161)
video 1/1 (1199/1303) data/samples/c_test.mp4: Original YOLOv3 | FPS ==> (88.465)
video 1/1 (1200/1303) data/samples/c_test.mp4: Original YOLOv3 | FPS ==> (89.605)
video 1/1 (1201/1303) data/samples/c_test.mp4: Original YOLOv3 | FPS ==> (84.314)
video 1/1 (1202/1303) data/samples/c_test.mp4: Original YOLOv3 | FPS ==> (84.326)
video 1/1 (1203/1303) data/samples/c_test.mp4: Original YOLOv3 | FPS ==> (83.933)
video 1/1 (1204/1303) data/samples/c_test.mp4: Original YOLOv3 | FPS ==> (83.994)
video 1/1 (1205/1303) data/samples/c_test.mp4: Original YOLOv3 | FPS ==> (83.214)
video 1/1 (1206/1303) data/samples/c_test.mp4: Original YOLOv3 | FPS ==> (79.232)
video 1/1 (1207/1303) data/samples/c_test.mp4: Original YOLOv3 | FPS ==> (76.102)
video 1/1 (1208/1303) data/samples/c_test.mp4: Original YOLOv3 | FPS ==> (83.734)
video 1/1 (1209/1303) data/samples/c_test.mp4: Original YOLOv3 | FPS ==> (84.071)
video 1/1 (1210/1303) data/samples/c_test.mp4: Original YOLOv3 | FPS ==> (83.819)
video 1/1 (1211/1303) data/samples/c_test.mp4: Original YOLOv3 | FPS ==> (83.519)
video 1/1 (1212/1303) data/samples/c_test.mp4: Original YOLOv3 | FPS ==> (83.695)
video 1/1 (1213/1303) data/samples/c_test.mp4: Original YOLOv3 | FPS ==> (83.878)
video 1/1 (1214/1303) data/samples/c_test.mp4: Original YOLOv3 | FPS ==> (84.496)
video 1/1 (1215/1303) data/samples/c_test.mp4: Original YOLOv3 | FPS ==> (83.460)
video 1/1 (1216/1303) data/samples/c_test.mp4: Original YOLOv3 | FPS ==> (89.153)
video 1/1 (1217/1303) data/samples/c_test.mp4: Original YOLOv3 | FPS ==> (83.874)
video 1/1 (1218/1303) data/samples/c_test.mp4: Original YOLOv3 | FPS ==> (76.953)
video 1/1 (1219/1303) data/samples/c_test.mp4: Original YOLOv3 | FPS ==> (83.992)
video 1/1 (1220/1303) data/samples/c_test.mp4: Original YOLOv3 | FPS ==> (74.956)
video 1/1 (1221/1303) data/samples/c_test.mp4: Original YOLOv3 | FPS ==> (80.405)
video 1/1 (1222/1303) data/samples/c_test.mp4: Original YOLOv3 | FPS ==> (75.547)
video 1/1 (1223/1303) data/samples/c_test.mp4: Original YOLOv3 | FPS ==> (76.972)
video 1/1 (1224/1303) data/samples/c_test.mp4: Original YOLOv3 | FPS ==> (81.208)
video 1/1 (1225/1303) data/samples/c_test.mp4: Original YOLOv3 | FPS ==> (77.039)
video 1/1 (1226/1303) data/samples/c_test.mp4: Original YOLOv3 | FPS ==> (77.565)
video 1/1 (1227/1303) data/samples/c_test.mp4: Original YOLOv3 | FPS ==> (76.861)
video 1/1 (1228/1303) data/samples/c_test.mp4: Original YOLOv3 | FPS ==> (80.678)
video 1/1 (1229/1303) data/samples/c_test.mp4: Original YOLOv3 | FPS ==> (76.399)
video 1/1 (1230/1303) data/samples/c_test.mp4: Original YOLOv3 | FPS ==> (83.948)
video 1/1 (1231/1303) data/samples/c_test.mp4: Original YOLOv3 | FPS ==> (81.253)
video 1/1 (1232/1303) data/samples/c_test.mp4: Original YOLOv3 | FPS ==> (83.675)
video 1/1 (1233/1303) data/samples/c_test.mp4: Original YOLOv3 | FPS ==> (78.713)
video 1/1 (1234/1303) data/samples/c_test.mp4: Original YOLOv3 | FPS ==> (77.314)
video 1/1 (1235/1303) data/samples/c_test.mp4: Original YOLOv3 | FPS ==> (80.531)
video 1/1 (1236/1303) data/samples/c_test.mp4: Original YOLOv3 | FPS ==> (75.857)
video 1/1 (1237/1303) data/samples/c_test.mp4: Original YOLOv3 | FPS ==> (77.134)
video 1/1 (1238/1303) data/samples/c_test.mp4: Original YOLOv3 | FPS ==> (75.888)
video 1/1 (1239/1303) data/samples/c_test.mp4: Original YOLOv3 | FPS ==> (78.911)
video 1/1 (1240/1303) data/samples/c_test.mp4: Original YOLOv3 | FPS ==> (81.098)
video 1/1 (1241/1303) data/samples/c_test.mp4: Original YOLOv3 | FPS ==> (80.829)
video 1/1 (1242/1303) data/samples/c_test.mp4: Original YOLOv3 | FPS ==> (75.879)
video 1/1 (1243/1303) data/samples/c_test.mp4: Original YOLOv3 | FPS ==> (74.585)
video 1/1 (1244/1303) data/samples/c_test.mp4: Original YOLOv3 | FPS ==> (69.078)
video 1/1 (1245/1303) data/samples/c_test.mp4: Original YOLOv3 | FPS ==> (70.210)
video 1/1 (1246/1303) data/samples/c_test.mp4: Original YOLOv3 | FPS ==> (70.273)
video 1/1 (1247/1303) data/samples/c_test.mp4: Original YOLOv3 | FPS ==> (71.380)
video 1/1 (1248/1303) data/samples/c_test.mp4: Original YOLOv3 | FPS ==> (73.266)
video 1/1 (1249/1303) data/samples/c_test.mp4: Original YOLOv3 | FPS ==> (72.052)
video 1/1 (1250/1303) data/samples/c_test.mp4: Original YOLOv3 | FPS ==> (67.760)
video 1/1 (1251/1303) data/samples/c_test.mp4: Original YOLOv3 | FPS ==> (73.008)
video 1/1 (1252/1303) data/samples/c_test.mp4: Original YOLOv3 | FPS ==> (67.646)
video 1/1 (1253/1303) data/samples/c_test.mp4: Original YOLOv3 | FPS ==> (66.637)
video 1/1 (1254/1303) data/samples/c_test.mp4: Original YOLOv3 | FPS ==> (64.378)
video 1/1 (1255/1303) data/samples/c_test.mp4: Original YOLOv3 | FPS ==> (74.729)
video 1/1 (1256/1303) data/samples/c_test.mp4: Original YOLOv3 | FPS ==> (74.577)
video 1/1 (1257/1303) data/samples/c_test.mp4: Original YOLOv3 | FPS ==> (68.209)
video 1/1 (1258/1303) data/samples/c_test.mp4: Original YOLOv3 | FPS ==> (71.990)
video 1/1 (1259/1303) data/samples/c_test.mp4: Original YOLOv3 | FPS ==> (68.429)
video 1/1 (1260/1303) data/samples/c_test.mp4: Original YOLOv3 | FPS ==> (66.025)
video 1/1 (1261/1303) data/samples/c_test.mp4: Original YOLOv3 | FPS ==> (66.939)
video 1/1 (1262/1303) data/samples/c_test.mp4: Original YOLOv3 | FPS ==> (68.958)
video 1/1 (1263/1303) data/samples/c_test.mp4: Original YOLOv3 | FPS ==> (68.491)
video 1/1 (1264/1303) data/samples/c_test.mp4: Original YOLOv3 | FPS ==> (71.440)
video 1/1 (1265/1303) data/samples/c_test.mp4: Original YOLOv3 | FPS ==> (69.666)
video 1/1 (1266/1303) data/samples/c_test.mp4: Original YOLOv3 | FPS ==> (70.884)
video 1/1 (1267/1303) data/samples/c_test.mp4: Original YOLOv3 | FPS ==> (68.821)
video 1/1 (1268/1303) data/samples/c_test.mp4: Original YOLOv3 | FPS ==> (64.528)
video 1/1 (1269/1303) data/samples/c_test.mp4: Original YOLOv3 | FPS ==> (58.186)
video 1/1 (1270/1303) data/samples/c_test.mp4: Original YOLOv3 | FPS ==> (63.180)
video 1/1 (1271/1303) data/samples/c_test.mp4: Original YOLOv3 | FPS ==> (61.074)
video 1/1 (1272/1303) data/samples/c_test.mp4: Original YOLOv3 | FPS ==> (64.075)
video 1/1 (1273/1303) data/samples/c_test.mp4: Original YOLOv3 | FPS ==> (64.525)
video 1/1 (1274/1303) data/samples/c_test.mp4: Original YOLOv3 | FPS ==> (60.323)
video 1/1 (1275/1303) data/samples/c_test.mp4: Original YOLOv3 | FPS ==> (63.556)
video 1/1 (1276/1303) data/samples/c_test.mp4: Original YOLOv3 | FPS ==> (62.742)
video 1/1 (1277/1303) data/samples/c_test.mp4: Original YOLOv3 | FPS ==> (59.780)
video 1/1 (1278/1303) data/samples/c_test.mp4: Original YOLOv3 | FPS ==> (70.031)
video 1/1 (1279/1303) data/samples/c_test.mp4: Original YOLOv3 | FPS ==> (68.696)
video 1/1 (1280/1303) data/samples/c_test.mp4: Original YOLOv3 | FPS ==> (69.018)
video 1/1 (1281/1303) data/samples/c_test.mp4: Original YOLOv3 | FPS ==> (65.689)
video 1/1 (1282/1303) data/samples/c_test.mp4: Original YOLOv3 | FPS ==> (58.753)
video 1/1 (1283/1303) data/samples/c_test.mp4: Original YOLOv3 | FPS ==> (58.082)
video 1/1 (1284/1303) data/samples/c_test.mp4: Original YOLOv3 | FPS ==> (61.564)
video 1/1 (1285/1303) data/samples/c_test.mp4: Original YOLOv3 | FPS ==> (60.338)
video 1/1 (1286/1303) data/samples/c_test.mp4: Original YOLOv3 | FPS ==> (60.791)
video 1/1 (1287/1303) data/samples/c_test.mp4: Original YOLOv3 | FPS ==> (57.729)
video 1/1 (1288/1303) data/samples/c_test.mp4: Original YOLOv3 | FPS ==> (59.097)
video 1/1 (1289/1303) data/samples/c_test.mp4: Original YOLOv3 | FPS ==> (64.831)
video 1/1 (1290/1303) data/samples/c_test.mp4: Original YOLOv3 | FPS ==> (62.668)
video 1/1 (1291/1303) data/samples/c_test.mp4: Original YOLOv3 | FPS ==> (59.567)
video 1/1 (1292/1303) data/samples/c_test.mp4: Original YOLOv3 | FPS ==> (61.503)
video 1/1 (1293/1303) data/samples/c_test.mp4: Original YOLOv3 | FPS ==> (60.410)
video 1/1 (1294/1303) data/samples/c_test.mp4: Original YOLOv3 | FPS ==> (59.621)
video 1/1 (1295/1303) data/samples/c_test.mp4: Original YOLOv3 | FPS ==> (60.050)
video 1/1 (1296/1303) data/samples/c_test.mp4: Original YOLOv3 | FPS ==> (61.679)
video 1/1 (1297/1303) data/samples/c_test.mp4: Original YOLOv3 | FPS ==> (61.815)
video 1/1 (1298/1303) data/samples/c_test.mp4: Original YOLOv3 | FPS ==> (61.504)
video 1/1 (1299/1303) data/samples/c_test.mp4: Original YOLOv3 | FPS ==> (58.875)
video 1/1 (1300/1303) data/samples/c_test.mp4: Original YOLOv3 | FPS ==> (57.795)
video 1/1 (1301/1303) data/samples/c_test.mp4: Original YOLOv3 | FPS ==> (57.154)
video 1/1 (1302/1303) data/samples/c_test.mp4: Original YOLOv3 | FPS ==> (55.608)
video 1/1 (1303/1303) data/samples/c_test.mp4: Original YOLOv3 | FPS ==> (104.539)
Results saved to /home/jianing/Intern1/exp4/results_analysis/output_original
Done. (41.470s)
